,x/h,pressure
0,-4.040000000003600711e+00,8.709482697106372129e-01
1,-4.038579541875765955e+00,8.676176388830953989e-01
2,-4.037154209445613873e+00,8.646145970068643827e-01
3,-4.035720588960427513e+00,8.649421859581750693e-01
4,-4.034278679889227170e+00,8.649910809292499225e-01
5,-4.032828481701866252e+00,8.650015618974969955e-01
6,-4.031369993870071333e+00,8.650085734144894456e-01
7,-4.029903215866570854e+00,8.650334284220295711e-01
8,-4.028428147165175055e+00,8.650435570706510591e-01
9,-4.026944787241195201e+00,8.650750503839556016e-01
10,-4.025453135570765895e+00,8.650859026638449967e-01
11,-4.023953191631766124e+00,8.651075873458821119e-01
12,-4.022444954902875125e+00,8.651184197480303872e-01
13,-4.020928424864254502e+00,8.651504703307797417e-01
14,-4.019403600997204506e+00,8.651817737080641502e-01
15,-4.017870482784146269e+00,8.651918594898668768e-01
16,-4.016329069708788779e+00,8.652217650204921950e-01
17,-4.014779361255961909e+00,8.652313733290504238e-01
18,-4.013221356911775395e+00,8.652596711792225337e-01
19,-4.011655056163260014e+00,8.652687473980528177e-01
20,-4.010080458499061251e+00,8.652866409866396546e-01
21,-4.008497563408750075e+00,8.652954583563960966e-01
22,-4.006906370382793625e+00,8.653208160504395341e-01
23,-4.005306878913432733e+00,8.653451280638475573e-01
24,-4.003699088493630320e+00,8.653528787814012135e-01
25,-4.002082998617320975e+00,8.653681260329069147e-01
26,-4.000458608780020242e+00,8.653756225668596258e-01
27,-3.998825918478377428e+00,8.653969983907261465e-01
28,-3.997184927209652461e+00,8.654174239496299492e-01
29,-3.995535634472741293e+00,8.654238701185948957e-01
30,-3.993878039767407184e+00,8.654364562547156581e-01
31,-3.992212142594514290e+00,8.654425962218706969e-01
32,-3.990537942456204856e+00,8.654602041386775246e-01
33,-3.988855438855627877e+00,8.654770390742116959e-01
34,-3.987164631296770789e+00,8.654822697587898350e-01
35,-3.985465519285123381e+00,8.654975764009729122e-01
36,-3.983758102327002781e+00,8.655023821034749654e-01
37,-3.982042379929870535e+00,8.655164161259811806e-01
38,-3.980318351602172733e+00,8.655208222467782875e-01
39,-3.978586016853316032e+00,8.655294348259372494e-01
40,-3.976845375194106857e+00,8.655336412842995486e-01
41,-3.975096426136390804e+00,8.655455648778230815e-01
42,-3.973339169192434461e+00,8.655567661413183789e-01
43,-3.971573603875975245e+00,8.655602898609866536e-01
44,-3.969799729702018443e+00,8.655705377766779174e-01
45,-3.968017546186070721e+00,8.655737497387262502e-01
46,-3.966227052845070933e+00,8.655831355968771623e-01
47,-3.964428249196609411e+00,8.655859880863969735e-01
48,-3.962621134759443109e+00,8.655917238865711294e-01
49,-3.960805709053397905e+00,8.655946071972263622e-01
50,-3.958981971599188743e+00,8.656025536368843198e-01
51,-3.957149921918325486e+00,8.656100445305390245e-01
52,-3.955309559533708885e+00,8.656123949188450073e-01
53,-3.953460883968765938e+00,8.656147453071509901e-01
54,-3.951603894748211943e+00,8.656214065819622938e-01
55,-3.949738591397443432e+00,8.656276970642360347e-01
56,-3.947864977461777780e+00,8.656297759596968122e-01
57,-3.945983050228202504e+00,8.656338368404447037e-01
58,-3.944092807567472825e+00,8.656358188257318176e-01
59,-3.942194249067038747e+00,8.656412892882129340e-01
60,-3.940287374316670643e+00,8.656461291833242866e-01
61,-3.938372182908379759e+00,8.656474613883899938e-01
62,-3.936448674437034612e+00,8.656507169503432353e-01
63,-3.934516848499336472e+00,8.656526403072298814e-01
64,-3.932576704695116554e+00,8.656586181441029426e-01
65,-3.930628242626225344e+00,8.656622252877127499e-01
66,-3.928671461897061512e+00,8.656636904521455289e-01
67,-3.926706362114579907e+00,8.656663834478333097e-01
68,-3.924732976230922876e+00,8.656676112790880895e-01
69,-3.922751242530084337e+00,8.656715563909798128e-01
70,-3.920761188867286862e+00,8.656754758404286987e-01
71,-3.918762814826683982e+00,8.656767071719765338e-01
72,-3.916756119994873053e+00,8.656804850387784800e-01
73,-3.914741103958975454e+00,8.656816972655780873e-01
74,-3.912717766308832168e+00,8.656853114974620844e-01
75,-3.910686106635016479e+00,8.656864789538031291e-01
76,-3.908646124530474886e+00,8.656888120653135621e-01
77,-3.906597819589259224e+00,8.656899777204845048e-01
78,-3.904541191407475242e+00,8.656933933389558966e-01
79,-3.902476239582859385e+00,8.656966471428806376e-01
80,-3.900402963714275195e+00,8.656978114470582630e-01
81,-3.898321363402931894e+00,8.657000684465500084e-01
82,-3.896231438251525070e+00,8.657011611418646835e-01
83,-3.894133187863995982e+00,8.657044234685674633e-01
84,-3.892026611846222561e+00,8.657076685043993969e-01
85,-3.889911709806554985e+00,8.657087448864281276e-01
86,-3.887788481352111969e+00,8.657109000536969967e-01
87,-3.885656926096463515e+00,8.657119788389366910e-01
88,-3.883517043649995948e+00,8.657151976584975817e-01
89,-3.881368833626886783e+00,8.657184391396703926e-01
90,-3.879212295645045661e+00,8.657195247281727069e-01
91,-3.877047429319993466e+00,8.657227846458894760e-01
92,-3.874874234271252771e+00,8.657238777537256125e-01
93,-3.872692710119261861e+00,8.657271606821722587e-01
94,-3.870502856488132526e+00,8.657282635146407168e-01
95,-3.868304673000152683e+00,8.657304020788080257e-01
96,-3.866098159281827318e+00,8.657314378105064323e-01
97,-3.863883314960439019e+00,8.657350091988965657e-01
98,-3.861660139664575109e+00,8.657384324718523372e-01
99,-3.859428633026556810e+00,8.657395845484612273e-01
100,-3.857188794677277599e+00,8.657419066901856919e-01
101,-3.854940624250943415e+00,8.657430767553012663e-01
102,-3.852684121383804783e+00,8.657466418137103048e-01
103,-3.850419285713209128e+00,8.657502605256512940e-01
104,-3.848146116878220724e+00,8.657514926068508032e-01
105,-3.845864614519027391e+00,8.657539696765934600e-01
106,-3.843574778278497917e+00,8.657552146651364966e-01
107,-3.841276607800386600e+00,8.657590181307536215e-01
108,-3.838970102730461686e+00,8.657628871473623811e-01
109,-3.836655243118572756e+00,8.657642032309187385e-01
110,-3.834332087782693410e+00,8.657681932698948479e-01
111,-3.832000582957268531e+00,8.657695419248475632e-01
112,-3.829660743511495546e+00,8.657736922095043974e-01
113,-3.827312568657127212e+00,8.657750887448849575e-01
114,-3.824956057597838743e+00,8.657779068716378035e-01
115,-3.822591169259102806e+00,8.657793284630099784e-01
116,-3.820217974899484226e+00,8.657836905426856688e-01
117,-3.817836442834270816e+00,8.657881454526998866e-01
118,-3.815446572725709196e+00,8.657896653426145894e-01
119,-3.813048364238315724e+00,8.657942577233711523e-01
120,-3.810641817036802603e+00,8.657958213421965699e-01
121,-3.808226930788913833e+00,8.657973849610227646e-01
122,-3.805803705163790962e+00,8.658022135665143226e-01
123,-3.803372139831716403e+00,8.658054875470408973e-01
124,-3.800932234465563830e+00,8.658071342761274325e-01
125,-3.798484010315756887e+00,8.658121670252105773e-01
126,-3.796027403331968308e+00,8.658172808605847370e-01
127,-3.793562482767395494e+00,8.658189350293132858e-01
128,-3.791089215708797866e+00,8.658244869170927949e-01
129,-3.788607602739054503e+00,8.658263024563239707e-01
130,-3.786117644462013931e+00,8.658281179955552576e-01
131,-3.783619341502286293e+00,8.658336935417144664e-01
132,-3.781112694506027605e+00,8.658374849246319727e-01
133,-3.778597704140238989e+00,8.658432894710361705e-01
134,-3.776074408025752671e+00,8.658452726922892806e-01
135,-3.773542741134241041e+00,8.658472559135417246e-01
136,-3.771002730406502579e+00,8.658533332502930113e-01
137,-3.768454375536627321e+00,8.658574700238454991e-01
138,-3.765897676220311574e+00,8.658637877105785918e-01
139,-3.763332632155370394e+00,8.658659356930382689e-01
140,-3.760759217830809131e+00,8.658680836754978349e-01
141,-3.758177507140327389e+00,8.658746869381944711e-01
142,-3.755587414759086862e+00,8.658791785815950215e-01
143,-3.752988982332381873e+00,8.658860270324219011e-01
144,-3.750382211005307109e+00,8.658883794670977352e-01
145,-3.747767099515116218e+00,8.658954870211293953e-01
146,-3.745143646856870845e+00,8.658979078174811050e-01
147,-3.742511854374640734e+00,8.659052323535296747e-01
148,-3.739871672768806832e+00,8.659077273360425986e-01
149,-3.737223164939996067e+00,8.659102223185548564e-01
150,-3.734566337747461162e+00,8.659178822699333811e-01
151,-3.731901108697813996e+00,8.659230857801747394e-01
152,-3.729227554672886580e+00,8.659310469558985091e-01
153,-3.726545638416754791e+00,8.659337530214822332e-01
154,-3.723855376126536942e+00,8.659419692118237588e-01
155,-3.721156784311195675e+00,8.659447609234324217e-01
156,-3.718449836703525246e+00,8.659532322234509971e-01
157,-3.715734533390036454e+00,8.659561201438165101e-01
158,-3.713010897978370917e+00,8.659590080641826892e-01
159,-3.710278911778379651e+00,8.659677873436433249e-01
160,-3.707538555760395926e+00,8.659737904724521540e-01
161,-3.704789863754448298e+00,8.659830336287335228e-01
162,-3.702032803984843135e+00,8.659861600764076073e-01
163,-3.699267384128441361e+00,8.659956214638981908e-01
164,-3.696493622193334438e+00,8.659988422638336125e-01
165,-3.693711526084706875e+00,8.660086027640162554e-01
166,-3.690921076000279744e+00,8.660119279168393414e-01
167,-3.688122254370592934e+00,8.660152530696624273e-01
168,-3.685315088479748091e+00,8.660254214610529910e-01
169,-3.682499589325365807e+00,8.660323287345377263e-01
170,-3.679675697303236515e+00,8.660358071171611050e-01
171,-3.676843471517222905e+00,8.660464725776960693e-01
172,-3.674002891946002158e+00,8.660573353921371398e-01
173,-3.671153958319661292e+00,8.660610355959272866e-01
174,-3.668296670408099924e+00,8.660684906382594139e-01
175,-3.665431027914111795e+00,8.660722454768021716e-01
176,-3.662557030668120550e+00,8.660837150009764729e-01
177,-3.659674678560075556e+00,8.660954618222775903e-01
178,-3.656783971135511901e+00,8.660994568577551345e-01
179,-3.653884907694927353e+00,8.661074945992160989e-01
180,-3.650977487684190947e+00,8.661115373051994082e-01
181,-3.648061716518627318e+00,8.661239226363343091e-01
182,-3.645137584111048046e+00,8.661365661692813633e-01
183,-3.642205096907436879e+00,8.661408505386369860e-01
184,-3.639264253199909316e+00,8.661538794309334710e-01
185,-3.636315054585638862e+00,8.661583131210505160e-01
186,-3.633357494557150513e+00,8.661717534992210421e-01
187,-3.630391579811370839e+00,8.661762999557935938e-01
188,-3.627417307000173174e+00,8.661854584898673881e-01
189,-3.624434676884988438e+00,8.661900705673685197e-01
190,-3.621443689642177777e+00,8.662040725341658698e-01
191,-3.618444342124158997e+00,8.662179617200135295e-01
192,-3.615436637401166386e+00,8.662232747566898095e-01
193,-3.612420571987499773e+00,8.662384307816916040e-01
194,-3.609396153070134172e+00,8.662434623831155589e-01
195,-3.606363370453101957e+00,8.662587040574999397e-01
196,-3.603322230121577707e+00,8.662638912870778141e-01
197,-3.600272730186177217e+00,8.662743442475890898e-01
198,-3.597214872091161642e+00,8.662796099785223802e-01
199,-3.594148651482193202e+00,8.662957097546861718e-01
200,-3.591074071593436834e+00,8.663121097823692773e-01
201,-3.587991132274611417e+00,8.663176900807724179e-01
202,-3.584899832167734335e+00,8.663345929139698587e-01
203,-3.581800171756052809e+00,8.663403285499285955e-01
204,-3.578692149744845619e+00,8.663577104094347670e-01
205,-3.575575765821718210e+00,8.663636125818627853e-01
206,-3.572451023617343679e+00,8.663755068606409093e-01
207,-3.569317918537854517e+00,8.663814989669909039e-01
208,-3.566176451022818217e+00,8.663997652405982519e-01
209,-3.563026616173932126e+00,8.664184423368900267e-01
210,-3.559868433212504790e+00,8.664247834174955143e-01
211,-3.556701880671886418e+00,8.664375481140810242e-01
212,-3.553526965896888434e+00,8.664439717300620458e-01
213,-3.550343688568395883e+00,8.664636124770254133e-01
214,-3.547152048637145505e+00,8.664836314622774704e-01
215,-3.543952045850818244e+00,8.664904239821689114e-01
216,-3.540743680077936162e+00,8.665041114649995047e-01
217,-3.537526950764804834e+00,8.665110064279393232e-01
218,-3.534301863442220526e+00,8.665320763672448301e-01
219,-3.531068402882448165e+00,8.665535373991009038e-01
220,-3.527826583432477570e+00,8.665608259327687302e-01
221,-3.524576389168177393e+00,8.665828951117047207e-01
222,-3.521317852463231812e+00,8.665903817994474734e-01
223,-3.518050941131127818e+00,8.666129230242070047e-01
224,-3.514775665161654850e+00,8.666206887872957010e-01
225,-3.511492024852759464e+00,8.666362824721196567e-01
226,-3.508200019850127305e+00,8.666441103938549162e-01
227,-3.504899649959075436e+00,8.666679957597548389e-01
228,-3.501590915327027265e+00,8.666923106901858187e-01
229,-3.498273815445759105e+00,8.667005655092637761e-01
230,-3.494948350279545757e+00,8.667171955984800391e-01
231,-3.491614516188207062e+00,8.667425399935664299e-01
232,-3.488272323894833882e+00,8.667511476596956310e-01
233,-3.484921761997664014e+00,8.667597553258248322e-01
234,-3.481562834451263910e+00,8.667860566315551685e-01
235,-3.478195541088150211e+00,8.668038742659868179e-01
236,-3.474819881372950281e+00,8.668310315112899289e-01
237,-3.471435855469327425e+00,8.668402511422145240e-01
238,-3.468043463233509538e+00,8.668681804889164511e-01
239,-3.464642704358193104e+00,8.668776378423652673e-01
240,-3.461233578714016268e+00,8.669063336372561102e-01
241,-3.457816086659241339e+00,8.669160808670716145e-01
242,-3.454390227203198105e+00,8.669258280968873409e-01
243,-3.450956001103847814e+00,8.669556047243860419e-01
244,-3.447513407911622974e+00,8.669757701304252606e-01
245,-3.444062447297965956e+00,8.670065074893437140e-01
246,-3.440603119260218445e+00,8.670169495454953523e-01
247,-3.437135423701997983e+00,8.670273916016477678e-01
248,-3.433659359587589055e+00,8.670592650808013335e-01
249,-3.430174929421607288e+00,8.670808781853744929e-01
250,-3.426682130679322480e+00,8.671138291665066999e-01
251,-3.423180963534673271e+00,8.671249993364389397e-01
252,-3.419671428778466193e+00,8.671361695063710684e-01
253,-3.416153525725297957e+00,8.671702722835865629e-01
254,-3.412627254017018608e+00,8.671933093638537482e-01
255,-3.409092614005877042e+00,8.672276145052933982e-01
256,-3.405549605626623233e+00,8.672402032124243432e-01
257,-3.401998228483673170e+00,8.672769625819582995e-01
258,-3.398438482501181745e+00,8.672892759338733937e-01
259,-3.394870367727425009e+00,8.673264889377769737e-01
260,-3.391293884237616130e+00,8.673391296118243554e-01
261,-3.387709031263165915e+00,8.673517702858716261e-01
262,-3.384115809623568616e+00,8.673903968502847395e-01
263,-3.380514218744404609e+00,8.674165587451558856e-01
264,-3.376904258581561624e+00,8.674564529057089413e-01
265,-3.373285928755347829e+00,8.674699976065619600e-01
266,-3.369659229014300372e+00,8.675110156060983346e-01
267,-3.366024160509458962e+00,8.675249342388439144e-01
268,-3.362380721750100054e+00,8.675670872229280794e-01
269,-3.358728913714250641e+00,8.675813969115651059e-01
270,-3.355068735334663987e+00,8.675957066002013551e-01
271,-3.351400187390413787e+00,8.676394127892635977e-01
272,-3.347723266608759296e+00,8.676690349489848408e-01
273,-3.344037981231636536e+00,8.677142252199293582e-01
274,-3.340344322924843290e+00,8.677295659310297893e-01
275,-3.336642294484707172e+00,8.677759885363854897e-01
276,-3.332931895728602267e+00,8.677917548694493721e-01
277,-3.329213126780327769e+00,8.678394799471360610e-01
278,-3.325485987152871026e+00,8.678556908517407464e-01
279,-3.321750477190904771e+00,8.678719017563453209e-01
280,-3.318006596874568448e+00,8.679214107589873217e-01
281,-3.314254345577841043e+00,8.679549741920716821e-01
282,-3.310493723585243409e+00,8.680061394241952444e-01
283,-3.306724731193388944e+00,8.680235024683203848e-01
284,-3.302947367764970554e+00,8.680408655124454143e-01
285,-3.299161634058177306e+00,8.680939735223058840e-01
286,-3.295367528464102858e+00,8.681299094883094813e-01
287,-3.291565050501632061e+00,8.681479933568291285e-01
288,-3.287754205443970790e+00,8.682031572074314640e-01
289,-3.283934984576941218e+00,8.682596461837779334e-01
290,-3.280107398223125248e+00,8.682788660967157846e-01
291,-3.276271437664890929e+00,8.683174447380195282e-01
292,-3.272427104231493633e+00,8.683368034663860868e-01
293,-3.268574403387408900e+00,8.683961926288881195e-01
294,-3.264713329351431881e+00,8.684567033144705572e-01
295,-3.260843883896964002e+00,8.684771847458762073e-01
296,-3.256966067251607200e+00,8.685394343797923078e-01
297,-3.253079879158473187e+00,8.685604790600709446e-01
298,-3.249185319637820424e+00,8.686245184656253837e-01
299,-3.245282394095490908e+00,8.686461506510153585e-01
300,-3.241371086202977203e+00,8.686899137267837245e-01
301,-3.237451405698813733e+00,8.687120446171613386e-01
302,-3.233523366516652509e+00,8.687792916291761092e-01
303,-3.229586949481675351e+00,8.688477157745974067e-01
304,-3.225642161116804463e+00,8.688712532753875006e-01
305,-3.221689000838784178e+00,8.689182283804697260e-01
306,-3.217727468850600570e+00,8.689416659847628566e-01
307,-3.213757565443431830e+00,8.690141503026483916e-01
308,-3.209779290080397640e+00,8.690880414654825747e-01
309,-3.205792643116727625e+00,8.691128731709565347e-01
310,-3.201797624899123118e+00,8.691633136878263999e-01
311,-3.197794234663068114e+00,8.691889224992223051e-01
312,-3.193782472848202492e+00,8.692664291055511860e-01
313,-3.189762339182191209e+00,8.693453564815527557e-01
314,-3.185733833711975382e+00,8.693725058067913736e-01
315,-3.181696956670797771e+00,8.694537908605886045e-01
316,-3.177651719806361630e+00,8.694817467552000689e-01
317,-3.173598088271282425e+00,8.695649137750474100e-01
318,-3.169536094897711820e+00,8.695929403781639255e-01
319,-3.165465725508080030e+00,8.696472465323242806e-01
320,-3.161386995298363534e+00,8.696735260833675651e-01
321,-3.157299887632184276e+00,8.697700574508370197e-01
322,-3.153204408603091480e+00,8.698593500165707759e-01
323,-3.149100556738136714e+00,8.698895434835629548e-01
324,-3.144988335149336400e+00,8.699511611986583404e-01
325,-3.140867740933543040e+00,8.699825854467622133e-01
326,-3.136738775042236416e+00,8.700771893275369706e-01
327,-3.132601437308363934e+00,8.701737559116973220e-01
328,-3.128455727724520852e+00,8.702071336956372916e-01
329,-3.124301647320350206e+00,8.702735500552386538e-01
330,-3.120139194641732061e+00,8.703065886308993804e-01
331,-3.115968371033745576e+00,8.704091972829806068e-01
332,-3.111789175617890812e+00,8.705138460937724698e-01
333,-3.107601608401361126e+00,8.705490081429078097e-01
334,-3.103405669955834334e+00,8.706568175885509575e-01
335,-3.099201359950615853e+00,8.706930383002285945e-01
336,-3.094988678621436229e+00,8.708046070126371774e-01
337,-3.090767625837352206e+00,8.708417411317661561e-01
338,-3.086538201872477849e+00,8.709174912638228960e-01
339,-3.082300406010302307e+00,8.709561072767506573e-01
340,-3.078054239306384332e+00,8.710726785663999161e-01
341,-3.073799701330124812e+00,8.711917059079159475e-01
342,-3.069536792347036247e+00,8.712326700462338369e-01
343,-3.065265502898741445e+00,8.713553750319712465e-01
344,-3.060985860225829747e+00,8.713976246140576754e-01
345,-3.056697838094643238e+00,8.715241056526926711e-01
346,-3.052401444333463498e+00,8.715676395486625649e-01
347,-3.048096679788423025e+00,8.716546086283994965e-01
348,-3.043783544213454650e+00,8.716980438121665342e-01
349,-3.039462042611845938e+00,8.718326233243921530e-01
350,-3.035132160936564016e+00,8.719700079887651167e-01
351,-3.030793913112979965e+00,8.720161749989404631e-01
352,-3.026447294707993230e+00,8.721591915067803402e-01
353,-3.022092305628874875e+00,8.722062187128888366e-01
354,-3.017728945740843383e+00,8.723521377215194272e-01
355,-3.013357215538784661e+00,8.724011015570284355e-01
356,-3.008977129418968666e+00,8.725009695433347812e-01
357,-3.004588643641793233e+00,8.725518736941315634e-01
358,-3.000191801325788443e+00,8.727056835411373115e-01
359,-2.995786590603911392e+00,8.728628349383640295e-01
360,-2.991373008993622573e+00,8.729170123258231939e-01
361,-2.986951057000179599e+00,8.730252059243436280e-01
362,-2.982520735350227881e+00,8.730792221354050087e-01
363,-2.978082042467490975e+00,8.732468185241902825e-01
364,-2.973634983476034055e+00,8.734180565683904440e-01
365,-2.969179550119505073e+00,8.734756584014027325e-01
366,-2.964715749417170976e+00,8.735928833486278355e-01
367,-2.960243578825873190e+00,8.736525064628390957e-01
368,-2.955763038452709157e+00,8.738332356727284145e-01
369,-2.951274128903300209e+00,8.740176371617104367e-01
370,-2.946776850071402443e+00,8.740813098171223983e-01
371,-2.942271212540627623e+00,8.742718672236435840e-01
372,-2.937757184541440747e+00,8.743376540728358126e-01
373,-2.933234789526245390e+00,8.745346492688955697e-01
374,-2.928704042492122905e+00,8.746026409972265103e-01
375,-2.924164918532056845e+00,8.747384644605933346e-01
376,-2.919617425341391126e+00,8.749470341107782323e-01
377,-2.915061563754363760e+00,8.750171173852683282e-01
378,-2.910497333402868314e+00,8.750872006597574249e-01
379,-2.905924735248554658e+00,8.753051567327564397e-01
380,-2.901343767802284201e+00,8.754529330307043722e-01
381,-2.896754432503027221e+00,8.756781858614430814e-01
382,-2.892156729073309229e+00,8.757558862620380413e-01
383,-2.887550657527393483e+00,8.758335866626323352e-01
384,-2.882936218479384305e+00,8.760715526934426123e-01
385,-2.878313411312832137e+00,8.762330659349304440e-01
386,-2.873682236307659288e+00,8.763110922026581262e-01
387,-2.869042686626981808e+00,8.765617534517217146e-01
388,-2.864394784480220668e+00,8.768176071133100269e-01
389,-2.859738507394084639e+00,8.769035904555905203e-01
390,-2.855073862997661749e+00,8.771687744194017755e-01
391,-2.850400851840609207e+00,8.772580220948940077e-01
392,-2.845719473612477568e+00,8.775330135228359696e-01
393,-2.841029728654098196e+00,8.776255126197654022e-01
394,-2.836331616723438920e+00,8.778142283479447583e-01
395,-2.831625138336845371e+00,8.779104449791947928e-01
396,-2.826910294055218653e+00,8.782021005157353288e-01
397,-2.822187082868963692e+00,8.785009166438568773e-01
398,-2.817455506191282044e+00,8.786044462170586877e-01
399,-2.812715562887777132e+00,8.788112382972513847e-01
400,-2.807967254141682023e+00,8.789145008042409390e-01
401,-2.803210582029938891e+00,8.792367778727540051e-01
402,-2.798445539624718315e+00,8.795670702094401383e-01
403,-2.793672134193241341e+00,8.796783047742008366e-01
404,-2.788890363322970689e+00,8.799054688700075344e-01
405,-2.784100227148972984e+00,8.800213984010534229e-01
406,-2.779301718456352432e+00,8.803730704735298618e-01
407,-2.774494860562813692e+00,8.807338862318397910e-01
408,-2.769679627895477392e+00,8.808591906562847074e-01
409,-2.764856035667266010e+00,8.812343695295112855e-01
410,-2.760024072211709090e+00,8.813647023172702655e-01
411,-2.755183752780068218e+00,8.817549985499680831e-01
412,-2.750335065560165937e+00,8.818906991051147504e-01
413,-2.745478020219552562e+00,8.821616970636648736e-01
414,-2.740612599616918388e+00,8.822969944670685516e-01
415,-2.735738821183720582e+00,8.827205442119439027e-01
416,-2.730856677361129581e+00,8.831577416744823550e-01
417,-2.725966172918298014e+00,8.833038266000284855e-01
418,-2.721067298555400082e+00,8.837574829899389472e-01
419,-2.716160075577831901e+00,8.839103083297660257e-01
420,-2.711244482163057246e+00,8.840631336695923270e-01
421,-2.706320522280752261e+00,8.845434805672446332e-01
422,-2.701388201052906890e+00,8.848705000123330278e-01
423,-2.696447527562720659e+00,8.853714441616479247e-01
424,-2.691498492875586734e+00,8.855463194206526500e-01
425,-2.686541081175938928e+00,8.860697675091919745e-01
426,-2.681575315527304770e+00,8.862526083740032146e-01
427,-2.676601188501202433e+00,8.867999798932818534e-01
428,-2.671618700256654488e+00,8.869913389318242469e-01
429,-2.666627851063327448e+00,8.871826979703667515e-01
430,-2.661628641034413878e+00,8.877646620803648636e-01
431,-2.656621070406684382e+00,8.881649282975710991e-01
432,-2.651605139338991002e+00,8.887852367086377381e-01
433,-2.646580848060802182e+00,8.889946277745789383e-01
434,-2.641548196765782119e+00,8.896451051998677251e-01
435,-2.636507185651368435e+00,8.898648521148541102e-01
436,-2.631457813505784227e+00,8.903162777806323813e-01
437,-2.626400081764634464e+00,8.905479565314242674e-01
438,-2.621333995239464087e+00,8.912533513463029022e-01
439,-2.616259548480204700e+00,8.919826343845922434e-01
440,-2.611176740001959207e+00,8.922391730864448478e-01
441,-2.606085574314325193e+00,8.927513886428664058e-01
442,-2.600986050322170673e+00,8.935480604206288424e-01
443,-2.595878167078813803e+00,8.938176378378074327e-01
444,-2.590761927917336394e+00,8.946585498008461368e-01
445,-2.585637330129275213e+00,8.949432917194932724e-01
446,-2.580504369846868595e+00,8.958325961814580518e-01
447,-2.575363062242022938e+00,8.961340151310077662e-01
448,-2.570213392618482029e+00,8.964354340805567034e-01
449,-2.565055366191784092e+00,8.973997429962335959e-01
450,-2.559888983198470580e+00,8.980711814860125042e-01
451,-2.554714244230988918e+00,8.984201252471110122e-01
452,-2.549531150346473041e+00,8.994530255705859290e-01
453,-2.544339699042654779e+00,9.005243849622175389e-01
454,-2.539139912009825029e+00,9.008975544962600779e-01
455,-2.533931773821834099e+00,9.020275503663760519e-01
456,-2.528715326908304917e+00,9.023867810272129253e-01
457,-2.523490595649159118e+00,9.027460116880505758e-01
458,-2.518257623121711752e+00,9.038108346109983149e-01
459,-2.513016464715720488e+00,9.044986616430312765e-01
460,-2.507767215250004789e+00,9.055059057446017690e-01
461,-2.502509997293922872e+00,9.058368198469540777e-01
462,-2.497244979152091204e+00,9.067596226903699153e-01
463,-2.491972276422441013e+00,9.070610285448365007e-01
464,-2.486692089888706825e+00,9.078952058555482818e-01
465,-2.481404643852602732e+00,9.081662366169346301e-01
466,-2.476110212075202544e+00,9.089080455345736054e-01
467,-2.470809058533736557e+00,9.091443617798217192e-01
468,-2.465501458846697691e+00,9.095808235663725982e-01
469,-2.460187707875643337e+00,9.097809691076745864e-01
470,-2.454868130887143174e+00,9.103545127406845738e-01
471,-2.449543075508775036e+00,9.105244613040396340e-01
472,-2.444212931379597720e+00,9.110142086386340265e-01
473,-2.438878012679297935e+00,9.112852505181985308e-01
474,-2.433538642248004535e+00,9.114142506871644178e-01
475,-2.428195120992390876e+00,9.117218622504255077e-01
476,-2.422847768454456929e+00,9.118155705229507024e-01
477,-2.417496903461847868e+00,9.120252387825347196e-01
478,-2.412142845678213909e+00,9.121278382015203245e-01
479,-2.406785946582279401e+00,9.121704727088405518e-01
480,-2.401426450444202221e+00,9.122292959712683391e-01
481,-2.396064729710190910e+00,9.122283911306706683e-01
482,-2.390701103782325365e+00,9.121921537560948590e-01
483,-2.385335713349457265e+00,9.120852900704028432e-01
484,-2.379968760924457083e+00,9.120161058020960221e-01
485,-2.374600419292536291e+00,9.118124506164918541e-01
486,-2.369230857326661610e+00,9.117120683093387079e-01
487,-2.363860225982479690e+00,9.115128972161289367e-01
488,-2.358488669770147705e+00,9.114141084300724227e-01
489,-2.353116322317127640e+00,9.110214621477684682e-01
490,-2.347743311213720485e+00,9.105679661137725533e-01
491,-2.342369756198463993e+00,9.104068000445285636e-01
492,-2.336995745020513660e+00,9.098546857429580248e-01
493,-2.331621298791909158e+00,9.096607892678288954e-01
494,-2.326246423208770508e+00,9.090174248740994223e-01
495,-2.320871100296402645e+00,9.087935374500619723e-01
496,-2.315495313870868266e+00,9.083161909887571550e-01
497,-2.310119046310827429e+00,9.080627319514907869e-01
498,-2.304742274166600158e+00,9.072783798142963763e-01
499,-2.299364961684724928e+00,9.064376795097979223e-01
500,-2.293987081805309192e+00,9.061299950143003601e-01
501,-2.288608593105459388e+00,9.052056987092521601e-01
502,-2.283229449832107072e+00,9.048683218948018192e-01
503,-2.277849540645500159e+00,9.038553384613338126e-01
504,-2.272468731045081736e+00,9.034923923404398760e-01
505,-2.267086892165903755e+00,9.027649844281604441e-01
506,-2.261703892969326279e+00,9.024005226367753929e-01
507,-2.256319607926192017e+00,9.012370662955028200e-01
508,-2.250933915182354639e+00,9.000259854982501917e-01
509,-2.245546703443758396e+00,8.996129584729648521e-01
510,-2.240157853652002817e+00,8.987662583254246718e-01
511,-2.234767251065028493e+00,8.983325852031706082e-01
512,-2.229374774165794548e+00,8.969951138159940607e-01
513,-2.223980247603126958e+00,8.965315216683651389e-01
514,-2.218583465643015007e+00,8.951264256697444299e-01
515,-2.213184242499356635e+00,8.941596604366909284e-01
516,-2.207782402351687434e+00,8.926723016055794213e-01
517,-2.202377779569476779e+00,8.921661442701229738e-01
518,-2.196970227028240963e+00,8.906187609280524775e-01
519,-2.191559585750895600e+00,8.900928042656949257e-01
520,-2.186145727155297536e+00,8.884833084843183348e-01
521,-2.180728499864867054e+00,8.879383351554885895e-01
522,-2.175307783288998209e+00,8.873933618266595102e-01
523,-2.169883331641004443e+00,8.856962070580234325e-01
524,-2.164454928458857452e+00,8.845473773962296837e-01
525,-2.159022369322148638e+00,8.827941939762813384e-01
526,-2.153585481630106546e+00,8.821976230987808032e-01
527,-2.148144094952312511e+00,8.816010522212809342e-01
528,-2.142698060798937210e+00,8.797833777132618716e-01
529,-2.137247239004139043e+00,8.785525013748641809e-01
530,-2.131791503504812724e+00,8.766735360881365846e-01
531,-2.126330732834744719e+00,8.760368886842559988e-01
532,-2.120864775350479015e+00,8.754002412803761901e-01
533,-2.115393326515449868e+00,8.734442578158104764e-01
534,-2.109916200294587263e+00,8.721258401440870056e-01
535,-2.104433177724527315e+00,8.701260669994165253e-01
536,-2.098944123052658206e+00,8.694506693788169871e-01
537,-2.093448899464692037e+00,8.674130891917128938e-01
538,-2.087947376802821164e+00,8.667256554362997578e-01
539,-2.082439430700034233e+00,8.646505030502905642e-01
540,-2.076924978438029257e+00,8.639452485919973945e-01
541,-2.071403673715249916e+00,8.632399941337042248e-01
542,-2.065875448343150289e+00,8.611123183489279853e-01
543,-2.060340305362515334e+00,8.596808175579874201e-01
544,-2.054798241476524456e+00,8.574864367769631235e-01
545,-2.049248935165198127e+00,8.567420179130533775e-01
546,-2.043691826068680051e+00,8.559975990491438536e-01
547,-2.038126919350842225e+00,8.537667602233511843e-01
548,-2.032554201971572994e+00,8.522755606535654671e-01
549,-2.026973658027661163e+00,8.500115576759512681e-01
550,-2.021385046685480802e+00,8.492484245934633913e-01
551,-2.015788182156598829e+00,8.469528981139609058e-01
552,-2.010183002158809629e+00,8.461823348526505972e-01
553,-2.004569435809149702e+00,8.446359839078290133e-01
554,-1.998947406235782154e+00,8.422919083193520784e-01
555,-1.993316796691743553e+00,8.415013236847915801e-01
556,-1.987677472428124981e+00,8.391163454582902803e-01
557,-1.982029251591245433e+00,8.383138549490288804e-01
558,-1.976371900733940423e+00,8.359010921694242091e-01
559,-1.970705245186943566e+00,8.350954822136912314e-01
560,-1.965029290817523311e+00,8.326725929419717120e-01
561,-1.959343958952717957e+00,8.318592872869837729e-01
562,-1.953649161913338483e+00,8.302282342381492874e-01
563,-1.947944809628342711e+00,8.294104868443026302e-01
564,-1.942230804693934054e+00,8.269383116488077112e-01
565,-1.936507032431957986e+00,8.244492712031447068e-01
566,-1.930773392404371291e+00,8.236142756839089918e-01
567,-1.925029703580935614e+00,8.211038156166934332e-01
568,-1.919275950002539810e+00,8.202643080149478738e-01
569,-1.913511986335809434e+00,8.177409783203075655e-01
570,-1.907737770504089880e+00,8.168957017844097335e-01
571,-1.901953233437369661e+00,8.152022466546227086e-01
572,-1.896158291139787400e+00,8.143540680607336268e-01
573,-1.890352875283755507e+00,8.117963700577990327e-01
574,-1.884536897368764174e+00,8.092268159084119450e-01
575,-1.878710270081238365e+00,8.083647837065567332e-01
576,-1.872872904207038447e+00,8.057917750049852224e-01
577,-1.867024714937029373e+00,8.049253696931437663e-01
578,-1.861165654514497225e+00,8.023285805252093894e-01
579,-1.855295667362923950e+00,8.014620184582638140e-01
580,-1.849414694982569607e+00,7.997269117009193629e-01
581,-1.843522683447297750e+00,7.988583670105198209e-01
582,-1.837619571496252879e+00,7.962453678959812153e-01
583,-1.831705299807389720e+00,7.936252497669815664e-01
584,-1.825779812372670952e+00,7.927506990563694123e-01
585,-1.819843025975685480e+00,7.910001812934623899e-01
586,-1.813894886999876999e+00,7.901242142411682989e-01
587,-1.807935338290201255e+00,7.874966812331435362e-01
588,-1.801964357890074586e+00,7.866211330198350504e-01
589,-1.795981911488784943e+00,7.839930122859957162e-01
590,-1.789987970100942682e+00,7.822394934586671678e-01
591,-1.783982503555466392e+00,7.813623416914828868e-01
592,-1.777965481686426319e+00,7.787273182999966403e-01
593,-1.771936874213138280e+00,7.760898465294697735e-01
594,-1.765896651251476435e+00,7.752100187398850428e-01
595,-1.759844782165119748e+00,7.725696435526252515e-01
596,-1.753781236606173799e+00,7.716890119232732159e-01
597,-1.747705983687797060e+00,7.708083802939210694e-01
598,-1.741618992910242136e+00,7.681662169294191100e-01
599,-1.735520233818306002e+00,7.664053146819866935e-01
600,-1.729409675531891288e+00,7.637674972264716367e-01
601,-1.723287287218327357e+00,7.628894698817163533e-01
602,-1.717153038735445447e+00,7.602601700801351337e-01
603,-1.711006907950354927e+00,7.593868738326486900e-01
604,-1.704848896397020086e+00,7.567732758830902906e-01
605,-1.698679003477181038e+00,7.559033145022280298e-01
606,-1.692497228279865373e+00,7.550333531213657690e-01
607,-1.686303568772486106e+00,7.524307144120438995e-01
608,-1.680098025205337686e+00,7.506989787882520915e-01
609,-1.673880592088820674e+00,7.481086276940610569e-01
610,-1.667651273761058484e+00,7.472475853483189212e-01
611,-1.661410069199599882e+00,7.446637888942475580e-01
612,-1.655156978966237924e+00,7.438059372148959625e-01
613,-1.648892003702722819e+00,7.412319136120164575e-01
614,-1.642615144398990923e+00,7.403781138544867080e-01
615,-1.636326402413633030e+00,7.378157578342755540e-01
616,-1.630025780055894158e+00,7.369668767923223118e-01
617,-1.623713280024676964e+00,7.352687296508001458e-01
618,-1.617388904994159216e+00,7.327339389969583783e-01
619,-1.611052659627749684e+00,7.318909857814225317e-01
620,-1.604704546529138742e+00,7.293768917808641783e-01
621,-1.598344589602437305e+00,7.285419905724853651e-01
622,-1.591972806842615107e+00,7.268785918511677657e-01
623,-1.585589219448152454e+00,7.260500943382295347e-01
624,-1.579193847565943498e+00,7.235704602847384814e-01
625,-1.572786711108009383e+00,7.211039773763819882e-01
626,-1.566367830839608066e+00,7.202882150185472288e-01
627,-1.559937226718086212e+00,7.186563796863232323e-01
628,-1.553494923378363479e+00,7.178403067119339953e-01
629,-1.547040939147601435e+00,7.154119561363522228e-01
630,-1.540575296534935745e+00,7.129972273367441993e-01
631,-1.534098017436162920e+00,7.121942701733240400e-01
632,-1.527609124098155080e+00,7.098009047819630046e-01
633,-1.521108639501014048e+00,7.090053829856669543e-01
634,-1.514596585948988494e+00,7.082098611893705709e-01
635,-1.508072984792270033e+00,7.058490441985744157e-01
636,-1.501537861769098869e+00,7.042839864572888464e-01
637,-1.494991243898356581e+00,7.019516373525206410e-01
638,-1.488433162221876715e+00,7.011837021848840168e-01
639,-1.481863651016414929e+00,6.988658057081512665e-01
640,-1.475282742842093819e+00,6.981122450493187914e-01
641,-1.468690470603561060e+00,6.958384155631914814e-01
642,-1.462086867292971437e+00,6.950872819586245699e-01
643,-1.455471965685690483e+00,6.943361483540576584e-01
644,-1.448845798322312417e+00,6.920897024090918448e-01
645,-1.442208398033829830e+00,6.906031603717333045e-01
646,-1.435559797128766801e+00,6.883907253632332024e-01
647,-1.428900027986955257e+00,6.876557776390461729e-01
648,-1.422229123021447439e+00,6.854694878937329650e-01
649,-1.415547114655164584e+00,6.847434946875473605e-01
650,-1.408854035294837326e+00,6.825850226640166607e-01
651,-1.402149917439276638e+00,6.818685585367725288e-01
652,-1.395434792804814084e+00,6.811520944095281749e-01
653,-1.388708695084542644e+00,6.790333292379323593e-01
654,-1.381971660177627959e+00,6.776314886983366703e-01
655,-1.375223727367727689e+00,6.755436018136616871e-01
656,-1.368464934258031507e+00,6.748574642322766604e-01
657,-1.361695317844284103e+00,6.741713266508916336e-01
658,-1.354914914687285643e+00,6.721217503256823322e-01
659,-1.348123761851216074e+00,6.707675017150267482e-01
660,-1.341321896340834874e+00,6.687541462321739960e-01
661,-1.334509353779530283e+00,6.680858684659515268e-01
662,-1.327686169756001400e+00,6.674175906997289465e-01
663,-1.320852379437631230e+00,6.654401526577966575e-01
664,-1.314008017787755112e+00,6.641309623625810676e-01
665,-1.307153119503515537e+00,6.621810665381868688e-01
666,-1.300287719068238701e+00,6.615406415187062850e-01
667,-1.293411851887182884e+00,6.596198052319089955e-01
668,-1.286525548590541579e+00,6.589892555068418423e-01
669,-1.279628846441655199e+00,6.570992511144486681e-01
670,-1.272721779579961243e+00,6.564791849747260155e-01
671,-1.265804387415547350e+00,6.558591188350033629e-01
672,-1.258876705328076717e+00,6.540064308533467541e-01
673,-1.251938769097209248e+00,6.527866514221585259e-01
674,-1.244990614197013956e+00,6.509718397242055810e-01
675,-1.238032276261417319e+00,6.503708341528352532e-01
676,-1.231063789846809975e+00,6.497698285814650365e-01
677,-1.224085188756202092e+00,6.479893682831230350e-01
678,-1.217096506364272690e+00,6.468115044237433553e-01
679,-1.210097775895828009e+00,6.450586103555006057e-01
680,-1.203089029799290888e+00,6.444816557568403548e-01
681,-1.196070300451202550e+00,6.439047011581799929e-01
682,-1.189041619511855830e+00,6.421868464082060024e-01
683,-1.182003018199203170e+00,6.410528390925918085e-01
684,-1.174954527286346417e+00,6.393695957955675135e-01
685,-1.167896177889004905e+00,6.388128476049642623e-01
686,-1.160828001359365924e+00,6.371581608628053006e-01
687,-1.153750034424991355e+00,6.366100622544101917e-01
688,-1.146662305416602079e+00,6.349802650531460868e-01
689,-1.139564846343172233e+00,6.344411385460919650e-01
690,-1.132457687611814645e+00,6.339020120390379542e-01
691,-1.125340860083539507e+00,6.323044077580312061e-01
692,-1.118214393697400499e+00,6.312475673576687374e-01
693,-1.111078317722580255e+00,6.296733325917919233e-01
694,-1.103932660202419314e+00,6.291558795667533399e-01
695,-1.096777449269253912e+00,6.286384265417147565e-01
696,-1.089612712091645674e+00,6.270938243620668429e-01
697,-1.082438476069321531e+00,6.260741148935539124e-01
698,-1.075254768227609681e+00,6.245594943010708278e-01
699,-1.068061615231250761e+00,6.240578341854764455e-01
700,-1.060859038623232165e+00,6.225663578011828569e-01
701,-1.053647061364820559e+00,6.220740598551236511e-01
702,-1.046425711133761816e+00,6.210979879495724942e-01
703,-1.039195016035117991e+00,6.206142139900806542e-01
704,-1.031955003296385787e+00,6.191724680402418413e-01
705,-1.024705699084422994e+00,6.187019887827271969e-01
706,-1.017447129229136937e+00,6.172740281567788978e-01
707,-1.010179318911484714e+00,6.158702873762685881e-01
708,-1.002902293385810051e+00,6.154072419429155172e-01
709,-9.956160766816190000e-01,6.140215892594306224e-01
710,-9.883206932324217764e-01,6.135644419692540819e-01
711,-9.810161655741030939e-01,6.126516241158442844e-01
712,-9.737025156086286382e-01,6.121959535526111384e-01
713,-9.663797649514743737e-01,6.108423108249410038e-01
714,-9.590479349355452987e-01,6.094992188928161081e-01
715,-9.517070466366549519e-01,6.090544726628488448e-01
716,-9.443571208770218384e-01,6.077271178764552806e-01
717,-9.369981782297269746e-01,6.072872285053181329e-01
718,-9.296302389167376834e-01,6.059757712777052996e-01
719,-9.222533214467427687e-01,6.055407385012472332e-01
720,-9.148674448656847202e-01,6.046745588164208485e-01
721,-9.074726276421707372e-01,6.042434119080525301e-01
722,-9.000688876543778694e-01,6.029586977486864896e-01
723,-8.926562419738791609e-01,6.016845801026439178e-01
724,-8.852347081029163789e-01,6.012637587665585759e-01
725,-8.778043032370175247e-01,6.000063239532442694e-01
726,-8.703650433717773360e-01,5.995914007498479581e-01
727,-8.629169454261782501e-01,5.983521599707569694e-01
728,-8.554600244476751048e-01,5.979437836864538447e-01
729,-8.479942968034511752e-01,5.971300940758396125e-01
730,-8.405197765838599011e-01,5.967247807495283940e-01
731,-8.330364814042379162e-01,5.955247771579577076e-01
732,-8.255444267923502943e-01,5.943391574988521331e-01
733,-8.180436294888295823e-01,5.939469958697488616e-01
734,-8.105341058799557796e-01,5.931670466594136659e-01
735,-8.030158713258300773e-01,5.927792590781816306e-01
736,-7.954889406395259099e-01,5.916208153249509216e-01
737,-7.879533286833581007e-01,5.904733987389514382e-01
738,-7.804090491545812025e-01,5.900935372384963351e-01
739,-7.728561156362275808e-01,5.893355779278903750e-01
740,-7.652945425705655058e-01,5.889574801177395180e-01
741,-7.577243420568979815e-01,5.878306520788560974e-01
742,-7.501455272400771035e-01,5.867106252238969422e-01
743,-7.425581102293564717e-01,5.863393612603507998e-01
744,-7.349621032753285155e-01,5.852289470196332388e-01
745,-7.273575178044974221e-01,5.848608491639839535e-01
746,-7.197443651912922569e-01,5.837598542136439583e-01
747,-7.121226568099026100e-01,5.833948748151084329e-01
748,-7.044924033919887085e-01,5.826665892240177058e-01
749,-6.968536153537037148e-01,5.823032830314625041e-01
750,-6.892063031909202442e-01,5.812194324581130278e-01
751,-6.815504766176716522e-01,5.801421483618263153e-01
752,-6.738861450182566104e-01,5.797853979894703746e-01
753,-6.662133192758645794e-01,5.787186769385270768e-01
754,-6.585320074644482879e-01,5.783656446093128345e-01
755,-6.508422192524682126e-01,5.780126122800985922e-01
756,-6.431439632714390786e-01,5.769615769532174809e-01
757,-6.354372481539202200e-01,5.762661975167232553e-01
758,-6.277220773234210016e-01,5.752316572413751494e-01
759,-6.199984737646934141e-01,5.748902975421480432e-01
760,-6.122664315830516069e-01,5.738717614285663293e-01
761,-6.045259657820341026e-01,5.735356240303538522e-01
762,-5.967770804052411338e-01,5.725310931159288685e-01
763,-5.890197892511441768e-01,5.721989248767459513e-01
764,-5.812540979158534737e-01,5.718667566375630340e-01
765,-5.734800147188945374e-01,5.708763208219305163e-01
766,-5.656975471806616751e-01,5.702195001813120667e-01
767,-5.579067025767491250e-01,5.692389733875194979e-01
768,-5.501074881432927999e-01,5.689137206706459393e-01
769,-5.422999108826150882e-01,5.685884679537724917e-01
770,-5.344839773513556658e-01,5.676167364989420649e-01
771,-5.266596942678742899e-01,5.669714215347880781e-01
772,-5.188270680145005143e-01,5.660068647264532293e-01
773,-5.109861045694797932e-01,5.656866014855564950e-01
774,-5.031368099767506985e-01,5.653663382446598717e-01
775,-4.952791900363872624e-01,5.644093297569755530e-01
776,-4.874132502554943680e-01,5.637735163381550896e-01
777,-4.795389965922734477e-01,5.628231506142624685e-01
778,-4.716564339489745517e-01,5.625076904570658343e-01
779,-4.637655677369820206e-01,5.615634957848204545e-01
780,-4.558664032755450068e-01,5.612502135434707107e-01
781,-4.479589446629872462e-01,5.603128338273141162e-01
782,-4.400431975065779988e-01,5.600020120060791307e-01
783,-4.321191661585445654e-01,5.596911901848440341e-01
784,-4.241868552951118532e-01,5.587645266303536973e-01
785,-4.162462698630121083e-01,5.581504211667481785e-01
786,-4.082974127803025710e-01,5.572354407821301647e-01
787,-4.003402837806332437e-01,5.569330153234269831e-01
788,-3.923749042340313742e-01,5.560299663065181308e-01
789,-3.844012612433247988e-01,5.557316100464456676e-01
790,-3.764193644763105251e-01,5.548394569033532342e-01
791,-3.684292183099909246e-01,5.545440450355116901e-01
792,-3.604308269672336085e-01,5.542486331676701461e-01
793,-3.524241945069643278e-01,5.533666944702687607e-01
794,-3.444093248968170817e-01,5.527809817897691991e-01
795,-3.363862217127633891e-01,5.519052916573203849e-01
796,-3.283548882116482104e-01,5.516141245982267849e-01
797,-3.203153281900995575e-01,5.507422317094945452e-01
798,-3.122675444779813847e-01,5.504520750366082016e-01
799,-3.042115402275595848e-01,5.495832947805474600e-01
800,-2.961473199983059024e-01,5.492939478319299740e-01
801,-2.880748861295486241e-01,5.490046008833124880e-01
802,-2.799942407054434312e-01,5.481389258808495590e-01
803,-2.719053881772404702e-01,5.475624488337267337e-01
804,-2.638083291346545733e-01,5.466988939113839319e-01
805,-2.557030681974993280e-01,5.464115619754437159e-01
806,-2.475896083640595491e-01,5.461242300395034999e-01
807,-2.394679518289620501e-01,5.452634449254152305e-01
808,-2.313381006787734173e-01,5.446905630376437379e-01
809,-2.232000569049416572e-01,5.438326631897334451e-01
810,-2.150538237831222665e-01,5.435473947743384437e-01
811,-2.068994036999985686e-01,5.432621263589434424e-01
812,-1.987367987554320148e-01,5.424089173028411315e-01
813,-1.905660095903051743e-01,5.418417893011245878e-01
814,-1.823870449310166508e-01,5.409941887991036591e-01
815,-1.741998971884350933e-01,5.407129083279667014e-01
816,-1.660045756474569645e-01,5.398682489285727693e-01
817,-1.578010800396674740e-01,5.395864278794649804e-01
818,-1.495894132368137119e-01,5.387398819490691881e-01
819,-1.413695773080644591e-01,5.384569671543570912e-01
820,-1.331415740115660107e-01,5.381740523596451053e-01
821,-1.249054042496992312e-01,5.373217766235663939e-01
822,-1.166610711970115233e-01,5.367511094304262542e-01
823,-1.084085776702178594e-01,5.358906143304590364e-01
824,-1.001479214671904261e-01,5.356016855000608201e-01
825,-9.187910782924779696e-02,5.353127566696626038e-01
826,-8.360213915353192915e-02,5.344387139289674682e-01
827,-7.531701443038123223e-02,5.338516659731006309e-01
828,-6.702373565686318979e-02,5.329633464667803411e-01
829,-5.872226404053709770e-02,5.326573125690173827e-01
830,-5.041272504346037270e-02,5.323512786712544242e-01
831,-4.209499690744509387e-02,5.314168446477061103e-01
832,-3.376912095655454360e-02,5.307728605909366459e-01
833,-2.543510068605172800e-02,5.298007450364259352e-01
834,-1.709293597714418508e-02,5.294673535776249773e-01
835,-8.742627073624470446e-03,5.284653350924014559e-01
836,-3.841780366348133947e-04,5.281232297448689161e-01
837,7.982410358087773522e-03,5.270929285938580344e-01
838,1.635713902631901612e-02,5.267421184238818554e-01
839,2.474000295190465978e-02,5.263913082539056765e-01
840,3.313100048936416103e-02,5.253240057627702742e-01
841,4.153013444045111635e-02,5.245992856117358549e-01
842,4.993740238983777197e-02,5.234994736260030201e-01
843,5.835279893120313977e-02,5.231300434734608151e-01
844,6.677632451393761270e-02,5.227606133209186101e-01
845,7.520797759460484677e-02,5.216416546049655878e-01
846,8.364775665390355996e-02,5.208902640907456805e-01
847,9.209565991978284349e-02,5.197551704073428702e-01
848,1.005516857728641772e-01,5.193737890537833968e-01
849,1.090158326202381595e-01,5.189924077002239233e-01
850,1.174880986336069022e-01,5.178402777476580621e-01
851,1.259684821764636697e-01,5.170674143381553955e-01
852,1.344569816719503597e-01,5.159012315574769136e-01
853,1.429535952658442521e-01,5.155100615388260588e-01
854,1.514583213446692167e-01,5.143327045888201887e-01
855,1.599711581279274486e-01,5.139378904526644698e-01
856,1.684921038434428198e-01,5.127498988430223559e-01
857,1.770211567453939538e-01,5.123516656819021575e-01
858,1.855583149619708661e-01,5.119534325207819592e-01
859,1.941035767308210147e-01,5.107521093377654919e-01
860,2.026569401661440506e-01,5.099475234366241949e-01
861,2.112184035011823169e-01,5.087352136505558509e-01
862,2.197879649508824862e-01,5.083290852899086110e-01
863,2.283656225137059015e-01,5.071077709361861974e-01
864,2.369513743369306980e-01,5.066986259559413952e-01
865,2.455452185968670653e-01,5.054688227046360005e-01
866,2.541471531559059138e-01,5.050569021269097902e-01
867,2.627571762878915806e-01,5.046449815491834689e-01
868,2.713752858972841020e-01,5.034042626299782830e-01
869,2.800015131946650415e-01,5.025748039021934455e-01
870,2.886357563872691268e-01,5.013272517888618385e-01
871,2.972781133770100448e-01,5.009100938029599215e-01
872,3.059285488457448299e-01,4.996566618708190854e-01
873,3.145870607345188641e-01,4.992375696454873224e-01
874,3.232536470940670648e-01,4.979783815611994457e-01
875,3.319283057488920385e-01,4.975573976120900577e-01
876,3.406110346890873219e-01,4.971364136629807251e-01
877,3.493018317858145871e-01,4.958697539050878067e-01
878,3.580006950534646015e-01,4.950231828349058727e-01
879,3.667076221878401987e-01,4.945994437675557687e-01
880,3.754226111326006698e-01,4.933246245576745626e-01
881,3.841456597239234494e-01,4.920462471326411125e-01
882,3.928767657817111569e-01,4.916189379497517553e-01
883,4.016159271099941086e-01,4.907634452612985587e-01
884,4.103631414960852153e-01,4.903352617557347193e-01
885,4.191184067079313791e-01,4.890472129107003574e-01
886,4.278817204902111149e-01,4.886172816762749949e-01
887,4.366530805717511732e-01,4.873240328855266701e-01
888,4.454324846579404973e-01,4.864598417636508687e-01
889,4.542199304446952191e-01,4.851605600933715512e-01
890,4.630154155929593340e-01,4.847263135116576249e-01
891,4.718189377836252696e-01,4.834218828701613013e-01
892,4.806304946766427610e-01,4.829859340662793210e-01
893,4.894500838325355208e-01,4.816763690476429938e-01
894,4.982777028219720905e-01,4.812387271308768977e-01
895,5.071133491921016034e-01,4.808010852141108571e-01
896,5.159570204802386151e-01,4.794845897701652260e-01
897,5.248087142055218868e-01,4.786050664934098919e-01
898,5.336684278819743277e-01,4.772827275129420954e-01
899,5.425361590003752177e-01,4.768409329047056944e-01
900,5.514119050467611860e-01,4.763991382964692933e-01
901,5.602956634810200010e-01,4.750700014831079621e-01
902,5.691874317494809432e-01,4.741820233199753321e-01
903,5.780872072704712483e-01,4.728470774278988875e-01
904,5.869949872854171025e-01,4.724009558780431495e-01
905,5.959107692869877182e-01,4.719548343281873004e-01
906,6.048345506255330406e-01,4.706131035512263194e-01
907,6.137663282734504566e-01,4.697166352537372469e-01
908,6.227060998294684513e-01,4.683689463519921103e-01
909,6.316538623419211129e-01,4.679186509942897532e-01
910,6.406096130809570965e-01,4.665660969077531361e-01
911,6.495733505350672621e-01,4.661140374540371223e-01
912,6.585450681516930027e-01,4.647567016643251447e-01
913,6.675247671465557309e-01,4.643029741086789897e-01
914,6.765124428021088709e-01,4.638492465530327791e-01
915,6.855080921584932874e-01,4.624857714597951364e-01
916,6.945117128213511570e-01,4.615750387932413545e-01
917,7.035233018968158891e-01,4.602069812909246882e-01
918,7.125428559595201605e-01,4.597503206649445895e-01
919,7.215703722571734646e-01,4.592936600389645463e-01
920,7.306058478400173639e-01,4.579218947276685880e-01
921,7.396492798188957218e-01,4.570062794347544144e-01
922,7.487006653234064002e-01,4.556312130311411246e-01
923,7.577600013720336980e-01,4.551722189261201423e-01
924,7.668272849475860076e-01,4.547132248210992156e-01
925,7.759025130419351379e-01,4.533342941565650097e-01
926,7.849856828377025364e-01,4.524138673614058193e-01
927,7.940767909947550329e-01,4.510315178035199657e-01
928,8.031758345641799579e-01,4.505701399959293751e-01
929,8.122828105450820013e-01,4.501087621883387846e-01
930,8.213977155709447642e-01,4.487224782827711200e-01
931,8.305205467975919076e-01,4.473343301673387562e-01
932,8.396513009992183640e-01,4.468709138743992559e-01
933,8.487899749860186027e-01,4.454797637051274850e-01
934,8.579365655813362412e-01,4.450153824829453098e-01
935,8.670910694882104641e-01,4.440861136220713434e-01
936,8.762534834630667513e-01,4.436212259833796079e-01
937,8.854238042766129357e-01,4.422245531917352590e-01
938,8.946020285943272476e-01,4.408259475907552738e-01
939,9.037881531086343623e-01,4.403590901349540010e-01
940,9.129821745311577086e-01,4.389574721310834371e-01
941,9.221840895111269587e-01,4.384896453277601358e-01
942,9.313938946921932471e-01,4.370851140381188937e-01
943,9.406115866646256318e-01,4.366162628422221026e-01
944,9.498371619908922980e-01,4.356781060892171986e-01
945,9.590706171934094693e-01,4.352088005321090303e-01
946,9.683119487678780724e-01,4.337987801632041673e-01
947,9.775611531675624244e-01,4.323868478820858674e-01
948,9.868182268035511351e-01,4.319155254938594757e-01
949,9.960831662053734048e-01,4.305006730936921100e-01
950,1.005355967748496893e+00,4.300283884170766902e-01
951,1.014636627826056126e+00,4.286105866450471424e-01
952,1.023925142821379586e+00,4.281373789294299903e-01
953,1.033221509036029717e+00,4.271904222938313622e-01
954,1.042525722837662094e+00,4.267166733738499973e-01
955,1.051837780464875527e+00,4.252936177816203922e-01
956,1.061157678162212736e+00,4.238686275744102949e-01
957,1.070485412138968195e+00,4.233929953935300916e-01
958,1.079820978608137638e+00,4.224412558012437535e-01
959,1.089164373700222121e+00,4.219651483898376187e-01
960,1.098515593615230879e+00,4.205353443354571397e-01
961,1.107874634469565356e+00,4.191031047395374909e-01
962,1.117241496756639973e+00,4.186253001106634009e-01
963,1.126616163167407869e+00,4.176691381515724721e-01
964,1.135998643122717144e+00,4.171907808213553559e-01
965,1.145388928266389827e+00,4.157547730407649134e-01
966,1.154787014205173490e+00,4.143181472784164265e-01
967,1.164192897310029728e+00,4.138392084592034115e-01
968,1.173606573748199766e+00,4.124022987271078744e-01
969,1.183028039732657355e+00,4.119232581939889504e-01
970,1.192457291405065289e+00,4.104860351199729473e-01
971,1.201894324997278662e+00,4.100068855392207112e-01
972,1.211339136654063120e+00,4.090485248387789596e-01
973,1.220791722511260557e+00,4.085693137190892221e-01
974,1.230252078724082043e+00,4.071314479840170697e-01
975,1.239720201338958327e+00,4.056933551359199197e-01
976,1.249196086439986253e+00,4.052139331854494042e-01
977,1.258679730101396999e+00,4.042550365626764730e-01
978,1.268171128370366496e+00,4.037755618903740573e-01
979,1.277670277283593059e+00,4.023369886826037578e-01
980,1.287177172858376073e+00,4.018574326232406402e-01
981,1.296691811089832669e+00,4.004185628717374934e-01
982,1.306214187958443018e+00,3.994592139072341008e-01
983,1.315744299391945038e+00,3.980200207413099878e-01
984,1.325282141311869388e+00,3.975402284313812040e-01
985,1.334827709625230341e+00,3.961007782921486808e-01
986,1.344381000220690181e+00,3.956209125588592279e-01
987,1.353942008973229472e+00,3.941812384034883432e-01
988,1.363510731744172144e+00,3.937013072937785019e-01
989,1.373087164376767255e+00,3.932213761840688271e-01
990,1.382671302699783444e+00,3.917814395213308210e-01
991,1.392263142500507200e+00,3.908213986452453437e-01
992,1.401862679548679047e+00,3.893814321491879671e-01
993,1.411469909605737261e+00,3.889012653526477403e-01
994,1.421084828420074553e+00,3.884210985561074581e-01
995,1.430707431717022526e+00,3.869808295359664641e-01
996,1.440337715193813484e+00,3.860205526539073340e-01
997,1.449975674528560354e+00,3.845801203483298902e-01
998,1.459621305378662415e+00,3.840999427066271177e-01
999,1.469274603373124544e+00,3.836197650649243451e-01
1000,1.478935564126274471e+00,3.821791695826513013e-01
1001,1.488604183213481758e+00,3.812187177009600525e-01
1002,1.498280456243136882e+00,3.807385349381154360e-01
1003,1.507964378703397834e+00,3.792978387671362417e-01
1004,1.517655946190546556e+00,3.788175835748707199e-01
1005,1.527355154134412141e+00,3.773769956882757626e-01
1006,1.537061998141793895e+00,3.768967685325569361e-01
1007,1.546776473682335951e+00,3.754560361928471757e-01
1008,1.556498576178894089e+00,3.740155578261453173e-01
1009,1.566228301087118968e+00,3.735353013177476478e-01
1010,1.575965643599321453e+00,3.725749789931326883e-01
1011,1.585710599416564115e+00,3.720949131769153984e-01
1012,1.595463163547210295e+00,3.706554312925917083e-01
1013,1.605223331463513370e+00,3.701758555718603350e-01
1014,1.614991099351546833e+00,3.687390927254654005e-01
1015,1.624766462761270347e+00,3.682607289491308666e-01
1016,1.634549417861874243e+00,3.668270233258881796e-01
1017,1.644339960641280074e+00,3.653953289441506103e-01
1018,1.654138087050901484e+00,3.649190349772278297e-01
1019,1.663943793070848498e+00,3.639665622212315266e-01
1020,1.673757074666678113e+00,3.634903834321578375e-01
1021,1.683577927809711827e+00,3.620646602461207730e-01
1022,1.693406348479723489e+00,3.615894619912813912e-01
1023,1.703242332593458919e+00,3.601666113704987127e-01
1024,1.713085876096707816e+00,3.596922383444391413e-01
1025,1.722936974899022866e+00,3.582728183397225208e-01
1026,1.732795624988287653e+00,3.568550088419937261e-01
1027,1.742661822292309370e+00,3.563829308465512047e-01
1028,1.752535562778471112e+00,3.554395646426639632e-01
1029,1.762416842366909098e+00,3.549682764342191876e-01
1030,1.772305656978823363e+00,3.535558274810008950e-01
1031,1.782202002525940854e+00,3.521454039938797798e-01
1032,1.792105874875749016e+00,3.516761496440982682e-01
1033,1.802017269976653235e+00,3.507378420935024499e-01
1034,1.811936183733347638e+00,3.493323452088029635e-01
1035,1.821862612055987540e+00,3.488643261390780292e-01
1036,1.831796550851543914e+00,3.483963070693532060e-01
1037,1.841737996018299128e+00,3.469949879664019909e-01
1038,1.851686943454933010e+00,3.460619243366910291e-01
1039,1.861643389048646346e+00,3.446640171599811842e-01
1040,1.871607328689558924e+00,3.441989652355113560e-01
1041,1.881578758263354967e+00,3.437339133110415279e-01
1042,1.891557673606915735e+00,3.423403093596038560e-01
1043,1.901544070633668149e+00,3.418763853458764435e-01
1044,1.911537945212061329e+00,3.404860045813991043e-01
1045,1.921539293213505140e+00,3.400231923112873034e-01
1046,1.931548110506608573e+00,3.386361193942084014e-01
1047,1.941564392950854145e+00,3.377128438784329778e-01
1048,1.951588136399939666e+00,3.363302035219795649e-01
1049,1.961619336701220684e+00,3.358697214476885629e-01
1050,1.971657989695275504e+00,3.354092393733976718e-01
1051,1.981704091182126426e+00,3.340311912697987995e-01
1052,1.991757637109745627e+00,3.335718396404969144e-01
1053,2.001818623235380734e+00,3.321975199515261878e-01
1054,2.011887045436640875e+00,3.317393946965399576e-01
1055,2.021962899576935868e+00,3.303698471227583533e-01
1056,2.032046181374466354e+00,3.294591779477050175e-01
1057,2.042136888797061900e+00,3.290051354053979971e-01
1058,2.052235019480647349e+00,3.276460815877214050e-01
1059,2.062340570165922315e+00,3.262917559988042226e-01
1060,2.072453537671174129e+00,3.258526891553262250e-01
1061,2.082573918818307224e+00,3.245418409303533758e-01
1062,2.092701710518269032e+00,3.241443525109176660e-01
1063,2.102836909586850211e+00,3.237468640914820117e-01
1064,2.112979512878470079e+00,3.227301752088473918e-01
1065,2.123129517253757648e+00,3.224145416610376125e-01
1066,2.133286919559938433e+00,3.238379269196717258e-01
1067,2.143451716669742435e+00,3.259235699686948151e-01
1068,2.153623905490000823e+00,3.280092130177179044e-01
1069,2.163803482924707478e+00,3.461790185415553056e-01
1070,2.173990445901620827e+00,3.653872259058010830e-01
1071,2.184184791297159034e+00,3.970977373372383545e-01
1072,2.194386516072298843e+00,4.066267326440694552e-01
1073,2.204595617090526538e+00,4.161557279509006113e-01
1074,2.214812091298074659e+00,4.389034601476459740e-01
1075,2.225035935665134801e+00,4.509573676142745735e-01
1076,2.235267147204794469e+00,4.652225963317688229e-01
1077,2.245505722779994606e+00,4.688732339745434463e-01
1078,2.255751659345501814e+00,4.725238716173182363e-01
1079,2.266004954204243749e+00,4.810722421065359300e-01
1080,2.276265605007984139e+00,4.836057363205287229e-01
1081,2.286533609841879588e+00,4.897274433983446196e-01
1082,2.296808966806604513e+00,4.915654405148331407e-01
1083,2.307091673767834195e+00,4.961646536545928354e-01
1084,2.317381728746370495e+00,4.988131526394214421e-01
1085,2.327679129848386541e+00,5.022847450576305439e-01
1086,2.337983875089752139e+00,5.032965882269504476e-01
1087,2.348295962578459406e+00,5.043084313962702403e-01
1088,2.358615390328470784e+00,5.069749664416124402e-01
1089,2.368942156439459268e+00,5.078174540771597245e-01
1090,2.379276258961329660e+00,5.100819203130761981e-01
1091,2.389617695988247803e+00,5.107995860410158295e-01
1092,2.399966465648534442e+00,5.127573161191711915e-01
1093,2.410322566044043491e+00,5.139658441193346583e-01
1094,2.420685995329781903e+00,5.156500717938956591e-01
1095,2.431056751608459354e+00,5.161679894839218408e-01
1096,2.441434833038107044e+00,5.166859071739481335e-01
1097,2.451820237708011607e+00,5.181250851760095255e-01
1098,2.462212963803813714e+00,5.185872746452192539e-01
1099,2.472613009596259293e+00,5.198736372093242242e-01
1100,2.483020373193447927e+00,5.202867526362098261e-01
1101,2.493435053243720390e+00,5.214420035523780195e-01
1102,2.503857049954357095e+00,5.221668955038257787e-01
1103,2.514286362916243522e+00,5.231968728777557365e-01
1104,2.524722991950038686e+00,5.235236087761472312e-01
1105,2.535166936473472798e+00,5.238503446745388370e-01
1106,2.545618196158979885e+00,5.247915674839404021e-01
1107,2.556076770674854615e+00,5.254013898451259656e-01
1108,2.566542659793304537e+00,5.262942685233868989e-01
1109,2.577015862854527217e+00,5.265851055998530539e-01
1110,2.587496379839838934e+00,5.268759426763190978e-01
1111,2.597984210296136354e+00,5.277340561134343799e-01
1112,2.608479353876359319e+00,5.282994242098218995e-01
1113,2.618981810219382034e+00,5.291399857324404765e-01
1114,2.629491578981163702e+00,5.294181382522200607e-01
1115,2.640008659614718312e+00,5.296962907719995339e-01
1116,2.650533052252095345e+00,5.305269452266951902e-01
1117,2.661064756031518375e+00,5.308034249431741181e-01
1118,2.671603770758984364e+00,5.316315891964050744e-01
1119,2.682150096065774925e+00,5.319075678978713029e-01
1120,2.692703731445106996e+00,5.327360375405691961e-01
1121,2.703264676415629619e+00,5.332891291869832351e-01
1122,2.713832931891602573e+00,5.335658391659996447e-01
1123,2.724408499744600309e+00,5.343977499022263267e-01
1124,2.734991381811163524e+00,5.352316984829296187e-01
1125,2.745581579853945797e+00,5.355103925961645084e-01
1126,2.756179095650318267e+00,5.360683106535645281e-01
1127,2.766783930838104588e+00,5.363475345977294362e-01
1128,2.777396087169504479e+00,5.371872247921218868e-01
1129,2.788015566203602358e+00,5.380287376832203483e-01
1130,2.798642369434104715e+00,5.383097665539873233e-01
1131,2.809276498406032108e+00,5.388721334406093577e-01
1132,2.819917954363529766e+00,5.391534714564643060e-01
1133,2.830566738919709113e+00,5.399984546567651034e-01
1134,2.841222853806852466e+00,5.402802408535937184e-01
1135,2.851886299943620529e+00,5.411259416867139072e-01
1136,2.862557078740800343e+00,5.414078466927508826e-01
1137,2.873235191577922620e+00,5.422535974778659451e-01
1138,2.883920639663968277e+00,5.430989610115054544e-01
1139,2.894613424156330161e+00,5.433802745083011754e-01
1140,2.905313546196586660e+00,5.439429360999107343e-01
1141,2.916021006797709259e+00,5.442242841947245724e-01
1142,2.926735806207538815e+00,5.450663823448010925e-01
1143,2.937457948535479701e+00,5.459067417510503617e-01
1144,2.948187438787002179e+00,5.461866074208492350e-01
1145,2.958924281613182217e+00,5.467452131709386043e-01
1146,2.969668480580870629e+00,5.470239532512291003e-01
1147,2.980420040658418035e+00,5.478591334508229327e-01
1148,2.991178965374118093e+00,5.486919018789069291e-01
1149,3.001945258287104679e+00,5.489681387124087930e-01
1150,3.012718923510333990e+00,5.495206596226970275e-01
1151,3.023499965237598008e+00,5.497969436994836201e-01
1152,3.034288386425756823e+00,5.506215504921743165e-01
1153,3.045084190114159206e+00,5.508963973924113633e-01
1154,3.055887379586582409e+00,5.517167889951947179e-01
1155,3.066697957226320437e+00,5.525342681276287360e-01
1156,3.077515926390654855e+00,5.528059942186289710e-01
1157,3.088341290577242937e+00,5.530777203096290950e-01
1158,3.099174052268131696e+00,5.538891058535611034e-01
1159,3.110014213606498323e+00,5.544283609385343148e-01
1160,3.120861777560683947e+00,5.552345278894433855e-01
1161,3.131716746050195788e+00,5.555021172130885088e-01
1162,3.142579117999407146e+00,5.557697065367335210e-01
1163,3.153448898050579707e+00,5.565701122534150169e-01
1164,3.164326095690431995e+00,5.568362667715970327e-01
1165,3.175210719014670779e+00,5.576319842245973657e-01
1166,3.186102776542307335e+00,5.578966050630237428e-01
1167,3.197002275454604803e+00,5.586876956663145988e-01
1168,3.207909222583689157e+00,5.592132584249011051e-01
1169,3.218823624406563777e+00,5.599989838111250062e-01
1170,3.229745486903027540e+00,5.602599400995906809e-01
1171,3.240674815565556699e+00,5.605208963880564665e-01
1172,3.251611615640980002e+00,5.613007498305794263e-01
1173,3.262555892032752425e+00,5.615602496497162921e-01
1174,3.273507649021266008e+00,5.623358262059735546e-01
1175,3.284466891053095416e+00,5.625938982594181903e-01
1176,3.295433622273764129e+00,5.633653335764329251e-01
1177,3.306407845892377573e+00,5.638780442694789619e-01
1178,3.317389565475624913e+00,5.646447256650670710e-01
1179,3.328378784170141103e+00,5.648994676851408769e-01
1180,3.339375506035820784e+00,5.651542097052145719e-01
1181,3.350379732301454361e+00,5.659158686752758793e-01
1182,3.361391470380681756e+00,5.664223326527701996e-01
1183,3.372410732130379785e+00,5.671797976530682517e-01
1184,3.383437528073729883e+00,5.674313333804457127e-01
1185,3.394471867452102831e+00,5.676828691078231737e-01
1186,3.405513757497984351e+00,5.684352441029123515e-01
1187,3.416563204338900039e+00,5.689353531119966112e-01
1188,3.427620215461873343e+00,5.696831292789398260e-01
1189,3.438684794432118164e+00,5.699318733171210294e-01
1190,3.449756945224566440e+00,5.701806173553022328e-01
1191,3.460836669441746061e+00,5.709232789742827441e-01
1192,3.471923940795345942e+00,5.711710923752019164e-01
1193,3.483018800478759225e+00,5.719124010884599763e-01
1194,3.494121276398768572e+00,5.721587404650129161e-01
1195,3.505231377454520736e+00,5.728956229976330805e-01
1196,3.516349123192596071e+00,5.733854172318826325e-01
1197,3.527474491858420436e+00,5.741181120089682288e-01
1198,3.538607503093934792e+00,5.743617931516254993e-01
1199,3.549748147286581723e+00,5.746054742942827698e-01
1200,3.560896430892115827e+00,5.753345340093035665e-01
1201,3.572052345101766058e+00,5.758199117443024706e-01
1202,3.583215930109884706e+00,5.765453290799430475e-01
1203,3.594387209346356915e+00,5.767863865360894904e-01
1204,3.605566173812545294e+00,5.770274439922359333e-01
1205,3.616752829106888889e+00,5.777486827311353323e-01
1206,3.627947176338066182e+00,5.782283715215035258e-01
1207,3.639149218748009229e+00,5.789462314563345036e-01
1208,3.650358959569599993e+00,5.791849124975312346e-01
1209,3.661576401335155051e+00,5.794235935387278547e-01
1210,3.672801548985721087e+00,5.801378301779679392e-01
1211,3.684034407574111825e+00,5.803756280479509533e-01
1212,3.695274982587411383e+00,5.810872844320872366e-01
1213,3.706523278234925112e+00,5.817972753634246263e-01
1214,3.717779305237511434e+00,5.820334039693174644e-01
1215,3.729043073518479634e+00,5.825052554804542870e-01
1216,3.740314592953943418e+00,5.827409783856984937e-01
1217,3.751593876978122744e+00,5.834465919007877366e-01
1218,3.762880944924220650e+00,5.841504066854114052e-01
1219,3.774175820798952419e+00,5.843843401409645200e-01
1220,3.785478519457734503e+00,5.848513915913668981e-01
1221,3.796789062879616594e+00,5.850845095862162726e-01
1222,3.808107451421823164e+00,5.857829736346230609e-01
1223,3.819433663105520349e+00,5.864796862523640186e-01
1224,3.830767710675513804e+00,5.867113767367938548e-01
1225,3.842109599803036346e+00,5.871743908230510067e-01
1226,3.853459336158888693e+00,5.874057144248786555e-01
1227,3.864816925061275388e+00,5.880982216313660471e-01
1228,3.876182373617002686e+00,5.883288150216771095e-01
1229,3.887555687727770604e+00,5.890191590751382433e-01
1230,3.898936874641240724e+00,5.892490324811855418e-01
1231,3.910325942407034461e+00,5.899372422120590098e-01
1232,3.921722898100666210e+00,5.901664152118263340e-01
1233,3.933127750983043125e+00,5.908525410611590312e-01
1234,3.944540510133530020e+00,5.913091728861552543e-01
1235,3.955961184718988832e+00,5.919929462316347868e-01
1236,3.967389785501779897e+00,5.922204198793469265e-01
1237,3.978826323477091087e+00,5.924478935270590663e-01
1238,3.990270810620223152e+00,5.931289326587046995e-01
1239,4.001723259132296207e+00,5.933556984667499590e-01
1240,4.013183682263891328e+00,5.940344964084753876e-01
1241,4.024652083069538477e+00,5.942605377051340954e-01
1242,4.036128465484084771e+00,5.949374758501225768e-01
1243,4.047612834833525852e+00,5.953880396647285300e-01
1244,4.059105197738843707e+00,5.960628512869582396e-01
1245,4.070605558824505366e+00,5.962874138789505674e-01
1246,4.082113925585702852e+00,5.965119764709428951e-01
1247,4.093630304393273356e+00,5.971845542817009189e-01
1248,4.105154701740727496e+00,5.974085695064781376e-01
1249,4.116687123430478046e+00,5.980796015590948977e-01
1250,4.128227577594119069e+00,5.987496249291587302e-01
1251,4.139776071538413760e+00,5.989726352300326351e-01
1252,4.151332613578145647e+00,5.994184174044339120e-01
1253,4.162897211391931585e+00,5.996411892779610620e-01
1254,4.174469873197395486e+00,6.003085804896119981e-01
1255,4.186050606944929697e+00,6.009750609938339094e-01
1256,4.197639421332804766e+00,6.011969146302921230e-01
1257,4.209236326855675614e+00,6.016403936133357666e-01
1258,4.220841332345464103e+00,6.018620189599210857e-01
1259,4.232454448236125266e+00,6.025259129601817643e-01
1260,4.244075677814584502e+00,6.031889877759423202e-01
1261,4.255705027002766094e+00,6.034097574451423585e-01
1262,4.267342500131245941e+00,6.038511056252656717e-01
1263,4.278988102332345278e+00,6.045124916913117152e-01
1264,4.290641838846483758e+00,6.047327318799863294e-01
1265,4.302303714753002772e+00,6.053931626437111246e-01
1266,4.313973735558430000e+00,6.056130942642625747e-01
1267,4.325651906794837132e+00,6.062726096082691196e-01
1268,4.337338234139261672e+00,6.064922648782309356e-01
1269,4.349032723329172789e+00,6.071509704965051268e-01
1270,4.360735380227520608e+00,6.073703686725200335e-01
1271,4.372446210802211297e+00,6.078090459067960749e-01
1272,4.384165221233924825e+00,6.084666562614041707e-01
1273,4.395892417714122757e+00,6.086857206452095381e-01
1274,4.407627806566388529e+00,6.089047850290150166e-01
1275,4.419371394266584652e+00,6.095615211460109206e-01
1276,4.431123187955584797e+00,6.099991006449364539e-01
1277,4.442883194522102563e+00,6.102178375130735688e-01
1278,4.454651419747259311e+00,6.108735879448903283e-01
1279,4.466427867430081911e+00,6.115289351055290812e-01
1280,4.478212540462709335e+00,6.117473071440117094e-01
1281,4.490005442076314246e+00,6.121841078410873438e-01
1282,4.501806575675652233e+00,6.124025364996803500e-01
1283,4.513615944445759531e+00,6.130572075629427964e-01
1284,4.525433551674122867e+00,6.132754200664941591e-01
1285,4.537259400600279768e+00,6.139299285756774083e-01
1286,4.549093494728570164e+00,6.145843328423113983e-01
1287,4.560935837457825492e+00,6.148024377892665759e-01
1288,4.572786432272929247e+00,6.150205427362217536e-01
1289,4.584645282517432641e+00,6.156748216217516889e-01
1290,4.596512391513634554e+00,6.161109798103689972e-01
1291,4.608387762825508993e+00,6.167651999831271770e-01
1292,4.620271399973080229e+00,6.169832761451239378e-01
1293,4.632163306771024835e+00,6.172013523071206986e-01
1294,4.644063486475639380e+00,6.178556152202485663e-01
1295,4.655971942613322589e+00,6.182917897851194500e-01
1296,4.667888678926825463e+00,6.185098828584892905e-01
1297,4.679813697836292974e+00,6.191642177286464932e-01
1298,4.691747000016891711e+00,6.198186465555738378e-01
1299,4.703688585997148230e+00,6.200368710151623608e-01
1300,4.715638456392504452e+00,6.204733144639639209e-01
1301,4.727596611925411807e+00,6.206915334531768469e-01
1302,4.739563052976265567e+00,6.213465065292901324e-01
1303,4.751537780043934234e+00,6.220017239440799317e-01
1304,4.763520793557052713e+00,6.222201727268626970e-01
1305,4.775512093952652748e+00,6.224386215096455732e-01
1306,4.787511681641306360e+00,6.230944163959629689e-01
1307,4.799519556913500296e+00,6.237505123613520386e-01
1308,4.811535720091743684e+00,6.239692642077336870e-01
1309,4.823560171373059369e+00,6.244069475973262895e-01
1310,4.835592910935493371e+00,6.246258791405371325e-01
1311,4.847633938913346263e+00,6.252827766603434867e-01
1312,4.859683255343200337e+00,6.259399756159328421e-01
1313,4.871740860432577591e+00,6.261593910843240574e-01
1314,4.883806754114688786e+00,6.263788065527154947e-01
1315,4.895880935855391414e+00,6.270367396495981627e-01
1316,4.907963403961039361e+00,6.272562255825396837e-01
1317,4.920054155805745566e+00,6.279148619880859927e-01
1318,4.932153188735264315e+00,6.283542536462713990e-01
1319,4.944260500216861587e+00,6.285739369328987580e-01
1320,4.956376087564930089e+00,6.292337200904709604e-01
1321,4.968499947959002405e+00,6.298940365577697653e-01
1322,4.980632078368532056e+00,6.301141942314929523e-01
1323,4.992772475993322523e+00,6.307752276837200744e-01
1324,5.004921137951718890e+00,6.309956527556211947e-01
1325,5.017078061128745325e+00,6.316574826394593112e-01
1326,5.029243242221506982e+00,6.318781596787413912e-01
1327,5.041416677852552652e+00,6.323197807447382690e-01
1328,5.053598364760912176e+00,6.325407247714530667e-01
1329,5.065788299743354095e+00,6.332038838090288113e-01
1330,5.077986479272913911e+00,6.338675688070187775e-01
1331,5.090192899615407107e+00,6.340890655077101590e-01
1332,5.102407557116809933e+00,6.345320218385125388e-01
1333,5.114630470086857450e+00,6.347534814686235372e-01
1334,5.126861567285379451e+00,6.354186933224273970e-01
1335,5.139100909274634255e+00,6.360843967408326138e-01
1336,5.151348467985738644e+00,6.363063760620292220e-01
1337,5.163604237465777125e+00,6.367506905747867263e-01
1338,5.175868211687250309e+00,6.369730257663474005e-01
1339,5.188140384540059102e+00,6.376400496327825351e-01
1340,5.200420749769691930e+00,6.378626009470246272e-01
1341,5.212709301099666348e+00,6.385305205990056132e-01
1342,5.225006032265441469e+00,6.387533714259301387e-01
1343,5.237310936935386962e+00,6.394219127386593371e-01
1344,5.249624008581257328e+00,6.400903519261107455e-01
1345,5.261945240511981758e+00,6.403142254860840765e-01
1346,5.274274626043538916e+00,6.407613172318651351e-01
1347,5.286612158589600874e+00,6.409845354176728627e-01
1348,5.298957831460977097e+00,6.416552589595280187e-01
1349,5.311311637654203111e+00,6.418787926467709459e-01
1350,5.323673570130018184e+00,6.425502174455954840e-01
1351,5.336043586077736656e+00,6.427739688143221386e-01
1352,5.348421785315470522e+00,6.434459166153695397e-01
1353,5.360808051252561768e+00,6.441183522673676887e-01
1354,5.373202401437514375e+00,6.443425035215646357e-01
1355,5.385604855701798144e+00,6.447910356770522045e-01
1356,5.398015376298293866e+00,6.450154165783428262e-01
1357,5.410433963737243168e+00,6.456886837702924264e-01
1358,5.422860609063062221e+00,6.463622711246832520e-01
1359,5.435295303337434270e+00,6.465869531695500605e-01
1360,5.447738037489102680e+00,6.468116352144167580e-01
1361,5.460188748828784355e+00,6.474858904759941414e-01
1362,5.472647588732650448e+00,6.477107836176768663e-01
1363,5.485114387523409185e+00,6.483853188585386729e-01
1364,5.497589189546754795e+00,6.488351874478798242e-01
1365,5.510071985591507016e+00,6.495101512623205897e-01
1366,5.522562766394854883e+00,6.497351520799159452e-01
1367,5.535061522653006882e+00,6.499601528975115228e-01
1368,5.547568245040402246e+00,6.506353025807321000e-01
1369,5.560082924310168373e+00,6.510854009810278509e-01
1370,5.572605550363573634e+00,6.517605404133489655e-01
1371,5.585136112085211657e+00,6.519855911674101723e-01
1372,5.597674598615577146e+00,6.522106419214716011e-01
1373,5.610220999125996144e+00,6.528857311312054046e-01
1374,5.622775302805548492e+00,6.533357201459503161e-01
1375,5.635337498848104865e+00,6.540105375650170361e-01
1376,5.647907576528070628e+00,6.542354495521249813e-01
1377,5.660485525214195235e+00,6.544603615392329266e-01
1378,5.673071334316318826e+00,6.551350593839980752e-01
1379,5.685664993251527299e+00,6.553598458717089237e-01
1380,5.698266491502023356e+00,6.560339709957248022e-01
1381,5.710875818662952241e+00,6.562586284562577088e-01
1382,5.723492964356739598e+00,6.569322318186480159e-01
1383,5.736117918187993325e+00,6.573810460413266332e-01
1384,5.748750669795295920e+00,6.580538440513158394e-01
1385,5.761391209088693621e+00,6.582779334848445352e-01
1386,5.774039525753015489e+00,6.585020229183732310e-01
1387,5.786695609831798315e+00,6.591735723297391658e-01
1388,5.799359450022206985e+00,6.593973177366734273e-01
1389,5.812031034730832602e+00,6.600678815966616320e-01
1390,5.824710352512439293e+00,6.607376957526300831e-01
1391,5.837397392113468975e+00,6.609606976267518030e-01
1392,5.850092142499238257e+00,6.614064950649833907e-01
1393,5.862794592863534326e+00,6.616292906290930365e-01
1394,5.875504732405491204e+00,6.622967992532098336e-01
1395,5.888222550533888544e+00,6.625191317465056740e-01
1396,5.900948036865381496e+00,6.631851160341794005e-01
1397,5.913681181155573618e+00,6.634069354453484557e-01
1398,5.926421973298052315e+00,6.640712621578550579e-01
1399,5.939170403306539114e+00,6.647343831736368669e-01
1400,5.951926461461296114e+00,6.649550037621361209e-01
1401,5.964690138113962092e+00,6.653959158692741571e-01
1402,5.977461423496341020e+00,6.656162073879129393e-01
1403,5.990240308297962279e+00,6.662756044002847711e-01
1404,6.003026783724044968e+00,6.669334282354090204e-01
1405,6.015820839988659685e+00,6.671521922729207743e-01
1406,6.028622466120802770e+00,6.675892992229413014e-01
1407,6.041431653199819785e+00,6.678076421354502967e-01
1408,6.054248390290906556e+00,6.684608926786144156e-01
1409,6.067072667658213625e+00,6.691126878898721042e-01
1410,6.079904475971773081e+00,6.693292904120318187e-01
1411,6.092743806389681716e+00,6.697620128928065686e-01
1412,6.105590650276309539e+00,6.699781328514213818e-01
1413,6.118444998791737532e+00,6.706245249364198857e-01
1414,6.131306843486189706e+00,6.708396562891332238e-01
1415,6.144176176241082921e+00,6.714829247733633544e-01
1416,6.157052989205333837e+00,6.721240015283187486e-01
1417,6.169937275182841852e+00,6.723369450625003019e-01
1418,6.182829026118263904e+00,6.725498885966819662e-01
1419,6.195728234838681736e+00,6.731863269979755371e-01
1420,6.208634894285165906e+00,6.736091839282566385e-01
1421,6.221548997670925729e+00,6.742411597318072047e-01
1422,6.234470538387311578e+00,6.744509509519470702e-01
1423,6.247399508182184036e+00,6.746607421720870468e-01
1424,6.260335899879427402e+00,6.752874792037985019e-01
1425,6.273279706796557775e+00,6.757037281875651891e-01
1426,6.286230921314944098e+00,6.763256556500615302e-01
1427,6.299189536928598621e+00,6.765320046610878713e-01
1428,6.312155547583611082e+00,6.767383536721144344e-01
1429,6.325128947542864921e+00,6.773544393822021892e-01
1430,6.338109731407029379e+00,6.777633931535625988e-01
1431,6.351097893530487148e+00,6.783741086168009193e-01
1432,6.364093428710902778e+00,6.785766212567684308e-01
1433,6.377096332124896350e+00,6.787791338967357202e-01
1434,6.390106598902993262e+00,6.793833998952800712e-01
1435,6.403124224686632004e+00,6.795842698324588982e-01
1436,6.416149204748304413e+00,6.801835130128903728e-01
1437,6.429181535207075804e+00,6.803826933398872123e-01
1438,6.442221211805123637e+00,6.809766854721591711e-01
1439,6.455268230638096405e+00,6.813705547247281835e-01
1440,6.468322587714637528e+00,6.819582730771638346e-01
1441,6.481384277673652328e+00,6.821529433578694679e-01
1442,6.494453297346168164e+00,6.827351420033432872e-01
1443,6.507529642250377222e+00,6.829279688806202397e-01
1444,6.520613309714222261e+00,6.833126731004818266e-01
1445,6.533704295621925340e+00,6.835045504430666830e-01
1446,6.546802597532769497e+00,6.840763093924790983e-01
1447,6.559908212198382493e+00,6.846441562081502230e-01
1448,6.573021136901681771e+00,6.848321283658890257e-01
1449,6.586141368792582718e+00,6.852070359904307573e-01
1450,6.599268905747395664e+00,6.853939714572335751e-01
1451,6.612403744361337488e+00,6.859508941539749216e-01
1452,6.625545883224115862e+00,6.861357088895541079e-01
1453,6.638695319296856745e+00,6.866865318756183445e-01
1454,6.651852050387575765e+00,6.868692034060223106e-01
1455,6.665016074439567006e+00,6.874138565729123185e-01
1456,6.678187389101157834e+00,6.879544998345991091e-01
1457,6.691365993322277994e+00,6.881327323968395859e-01
1458,6.704551880001710096e+00,6.884890594631711824e-01
1459,6.717745053190621540e+00,6.886671539672627462e-01
1460,6.730945507691016516e+00,6.891951476297448753e-01
1461,6.744153241850407987e+00,6.893711911832511863e-01
1462,6.757368253838906824e+00,6.898926187910695562e-01
1463,6.770590541779768046e+00,6.900665847791006557e-01
1464,6.783820103776534438e+00,6.905814213399854573e-01
1465,6.797056937817582245e+00,6.910919503863375279e-01
1466,6.810301042004918592e+00,6.912615663190597726e-01
1467,6.823552415012896333e+00,6.915983306156012755e-01
1468,6.836811054074718008e+00,6.917654789794209780e-01
1469,6.850076957928318500e+00,6.922653526946861424e-01
1470,6.863350124542470176e+00,6.924303033445613487e-01
1471,6.876630552155019060e+00,6.929235304759836511e-01
1472,6.889918238787097415e+00,6.930861801899574903e-01
1473,6.903213182595556496e+00,6.935735101845494910e-01
1474,6.916515381451769251e+00,6.940561494918395802e-01
1475,6.929824837043032204e+00,6.942146881875549402e-01
1476,6.943141542912787401e+00,6.945320352071635561e-01
1477,6.956465492546091589e+00,6.946908435310560348e-01
1478,6.969796692143377825e+00,6.951603691960956954e-01
1479,6.983135141527680112e+00,6.956256140047961667e-01
1480,6.996480835325943559e+00,6.957801676611614639e-01
1481,7.009833771640716193e+00,6.960869464826485720e-01
1482,7.023193946296138357e+00,6.962391716477707160e-01
1483,7.036561358522659404e+00,6.966942012931954809e-01
1484,7.049936008134763732e+00,6.971450749069014741e-01
1485,7.063317892741102888e+00,6.972931551553253060e-01
1486,7.076707011827426896e+00,6.975895474252764572e-01
1487,7.090103362397654152e+00,6.977378594468032214e-01
1488,7.103506941769246019e+00,6.981761686485422613e-01
1489,7.116917748667691335e+00,6.983224504430332047e-01
1490,7.130335780402112356e+00,6.987547726419309768e-01
1491,7.143761035306182450e+00,6.988990146179601126e-01
1492,7.157193512367734378e+00,6.993253364488855039e-01
1493,7.170633209186315860e+00,6.997477070092621432e-01
1494,7.184080124225948438e+00,6.998879698593620802e-01
1495,7.197534255931109293e+00,7.001663360006272763e-01
1496,7.210995602245554359e+00,7.003044392917926464e-01
1497,7.224464160737118057e+00,7.007172165017753196e-01
1498,7.237939929567775543e+00,7.011261215184053652e-01
1499,7.251422906966136672e+00,7.012603759176505580e-01
1500,7.264913091183350602e+00,7.015290806302360016e-01
1501,7.278410480365966606e+00,7.016635309435761414e-01
1502,7.291915072483268645e+00,7.020607966691567725e-01
1503,7.305426865610312070e+00,7.024542408597963528e-01
1504,7.318945857706006919e+00,7.025849485993590493e-01
1505,7.332472047207059695e+00,7.028443016866020576e-01
1506,7.346005432425604553e+00,7.029729470342822584e-01
1507,7.359546011463400816e+00,7.033574003527272023e-01
1508,7.373093782239534377e+00,7.034842135362869842e-01
1509,7.386648742552459623e+00,7.038631867730588132e-01
1510,7.400210890752505932e+00,7.039881934225379334e-01
1511,7.413780224936384222e+00,7.043617555131892471e-01
1512,7.427356743080388846e+00,7.047317300860361788e-01
1513,7.440940443245960267e+00,7.048531847436655395e-01
1514,7.454531323569896450e+00,7.050962509546822021e-01
1515,7.468129382255730420e+00,7.052178625080693930e-01
1516,7.481734617484841365e+00,7.055771431254802550e-01
1517,7.495347027051159294e+00,7.059329737521707893e-01
1518,7.508966609067207365e+00,7.060511132469458051e-01
1519,7.522593361699891901e+00,7.062855269388095270e-01
1520,7.536227283102781449e+00,7.064018011358982330e-01
1521,7.549868371417104207e+00,7.067492677461605366e-01
1522,7.563516624772725017e+00,7.070933634808005408e-01
1523,7.577172041289079729e+00,7.072063046055224733e-01
1524,7.590834619075914169e+00,7.074323274435617703e-01
1525,7.604504356234046192e+00,7.075454091568792458e-01
1526,7.618181250856000730e+00,7.078794514906363577e-01
1527,7.631865301026618198e+00,7.079908923688822409e-01
1528,7.645556504823580291e+00,7.083200648309487812e-01
1529,7.659254860317902036e+00,7.084298815694534124e-01
1530,7.672960365574390984e+00,7.087542630237341212e-01
1531,7.686673018652034450e+00,7.090754751645131915e-01
1532,7.700392817604391205e+00,7.091821119717983679e-01
1533,7.714119760479926313e+00,7.093936774485749552e-01
1534,7.727853845322305126e+00,7.094986061180664771e-01
1535,7.741595070170704140e+00,7.098121142740855261e-01
1536,7.755343433060071234e+00,7.099154572030437205e-01
1537,7.769098932021344162e+00,7.102244925326086644e-01
1538,7.782861565081685029e+00,7.103263746542757273e-01
1539,7.796631330264720994e+00,7.106307564168445889e-01
1540,7.810408225751677591e+00,7.109321171918566717e-01
1541,7.824192249758698203e+00,7.110310150684829855e-01
1542,7.837983400321550498e+00,7.112289161653116976e-01
1543,7.851781675477684352e+00,7.113279193855138738e-01
1544,7.865587073266275375e+00,7.116203038247538304e-01
1545,7.879399591728011742e+00,7.117178254991533004e-01
1546,7.893219228904959195e+00,7.120058644753535226e-01
1547,7.907045982840406495e+00,7.121019148889976558e-01
1548,7.920879851578707331e+00,7.123856577885440133e-01
1549,7.934720833165143539e+00,7.126666688118238335e-01
1550,7.948568925645815852e+00,7.127597699832585176e-01
1551,7.962424127067514235e+00,7.129447311765945150e-01
1552,7.976286435477616621e+00,7.130365911984960503e-01
1553,7.990155848923961912e+00,7.133103944058577506e-01
1554,8.004032365454799347e+00,7.135813416510097262e-01
1555,8.017915983118633960e+00,7.136705107791201375e-01
1556,8.031806699964214147e+00,7.138484858656569676e-01
1557,8.045704514040387778e+00,7.139372918240836086e-01
1558,8.059609423396061345e+00,7.142003583974158021e-01
1559,8.073521426080127128e+00,7.144607463327273811e-01
1560,8.087440520141395695e+00,7.145467843285461251e-01
1561,8.101366703628514188e+00,7.147179767373573744e-01
1562,8.115299974589937904e+00,7.148031311503498797e-01
1563,8.129240331073861014e+00,7.150563028185804582e-01
1564,8.143187771128156172e+00,7.151401238421154494e-01
1565,8.157142292800346084e+00,7.153892531007683964e-01
1566,8.171103894137525359e+00,7.154717451901809744e-01
1567,8.185072573186358724e+00,7.157168276311025590e-01
1568,8.199048327935690494e+00,7.159592055037432567e-01
1569,8.213031156283021161e+00,7.160390604941968551e-01
1570,8.227021056272025845e+00,7.161981521039749721e-01
1571,8.241018025951253989e+00,7.162773887232993797e-01
1572,8.255022063365840879e+00,7.165122759115887252e-01
1573,8.269033166557631986e+00,7.167444469245769501e-01
1574,8.283051333565234486e+00,7.168209511259177047e-01
1575,8.297076562424138046e+00,7.169732148640138858e-01
1576,8.311108851166782330e+00,7.170489744007695343e-01
1577,8.325148197822626273e+00,7.172736639296557470e-01
1578,8.339194600418229797e+00,7.174955512390787105e-01
1579,8.353248056977339076e+00,7.175685559219793230e-01
1580,8.367308565520923835e+00,7.177138364850126351e-01
1581,8.381376124067266176e+00,7.177861123651454456e-01
1582,8.395450730632004976e+00,7.179998829689785422e-01
1583,8.409532383228212282e+00,7.180706331010012766e-01
1584,8.423621079866428829e+00,7.182797901674360386e-01
1585,8.437716818554733322e+00,7.183490318758956050e-01
1586,8.451819597298788622e+00,7.185527411327835567e-01
1587,8.465929414101884376e+00,7.187530184636701236e-01
1588,8.480046266964993862e+00,7.188185645135587443e-01
1589,8.494170153886811292e+00,7.189484192783619498e-01
1590,8.508301072863790893e+00,7.190127279932767568e-01
1591,8.522439021890201971e+00,7.192012963928829938e-01
1592,8.536583998958153785e+00,7.193848521983843280e-01
1593,8.550736002057652385e+00,7.194438879755716831e-01
1594,8.564895029176597063e+00,7.195604638347077309e-01
1595,8.579061078300854959e+00,7.196180039166562015e-01
1596,8.593234147414291257e+00,7.197809616913146691e-01
1597,8.607414234498770966e+00,7.199352894881945186e-01
1598,8.621601337534213982e+00,7.199768839888746053e-01
1599,8.635795454498618184e+00,7.203547514597782309e-01
1600,8.650000000000000355e+00,7.206910244300015478e-01
